Stock Name,Sector,Classification,Month,Net Qty Sold,Approx. Sell Value(In Rs. cr) *
State Bank Of India,Financials,Large-Cap,November-2025,25644742,2456.83
Reliance Industries Ltd.,Energy,Large-Cap,November-2025,9165984,1399.57
Canara Bank,Financials,Large-Cap,November-2025,91758950,1323.95
Lupin Ltd.,Healthcare,Mid-Cap,November-2025,4999811,1011.39
Sun Pharmaceutical Industries Ltd.,Healthcare,Large-Cap,November-2025,5597374,985.75
Siemens Energy India Ltd.,Capital Goods,Large-Cap,November-2025,3072268,974.71
Adani Enterprises Ltd.,Miscellaneous,Large-Cap,November-2025,3998902,951.98
Cummins India Ltd.,Automobile and Ancillaries,Large-Cap,November-2025,1922425,848.12
AU Small Finance Bank Ltd.,Financials,Mid-Cap,November-2025,8336136,764.05
Eicher Motors Ltd.,Automobile and Ancillaries,Large-Cap,November-2025,1060337,745.44
Hindustan Petroleum Corporation Ltd.,Energy,Mid-Cap,November-2025,14560257,679.6
Bharat Petroleum Corporation Ltd.,Energy,Large-Cap,November-2025,18967131,678.92
Persistent Systems Ltd.,Technology,Mid-Cap,November-2025,1078401,661.58
GE Vernova T&D India Ltd.,Capital Goods,Mid-Cap,November-2025,2234469,661.27
Cholamandalam Investment and Finance Company Ltd.,Financials,Large-Cap,November-2025,3808972,653.77
Tata Consumer Products Ltd.,FMCG,Large-Cap,November-2025,5437481,635.48
Kaynes Technology India Ltd.,Capital Goods,Mid-Cap,November-2025,983035,599.38
Laurus Labs Ltd.,Healthcare,Mid-Cap,November-2025,5178365,513.95
Bank Of Baroda,Financials,Large-Cap,November-2025,17559386,498.86
Tata Power Company Ltd.,Energy,Large-Cap,November-2025,12270459,487.75
Asian Paints Ltd.,Chemicals,Large-Cap,November-2025,1775903,478.16
Cipla Ltd.,Healthcare,Large-Cap,November-2025,2727122,413.51
Indian Oil Corporation Ltd.,Energy,Large-Cap,November-2025,24578193,402.65
Voltas Ltd.,Consumer Durables,Mid-Cap,November-2025,2907610,401.24
Polycab India Ltd.,Capital Goods,Large-Cap,November-2025,513400,389.52
Indian Bank,Financials,Mid-Cap,November-2025,4315263,373.04
Hindustan Unilever Ltd.,FMCG,Large-Cap,November-2025,1510150,372.43
SBI Life Insurance Company Ltd.,Financials,Large-Cap,November-2025,1897775,372.13
Max Healthcare Institute Ltd.,Healthcare,Large-Cap,November-2025,3166572,365.83
One97 Communications Ltd.,Financials,Mid-Cap,November-2025,2688752,352.74
Avenue Supermarts Ltd.,Retail and Other Services,Large-Cap,November-2025,860861,350.8
Titan Company Ltd.,Retail and Other Services,Large-Cap,November-2025,912687,349.3
Power Finance Corporation Ltd.,Financials,Large-Cap,November-2025,8970143,343.54
Alkem Laboratories Ltd.,Healthcare,Mid-Cap,November-2025,589490,329.86
Hyundai Motor India Ltd.,Automobile and Ancillaries,Large-Cap,November-2025,1315669,313.44
GAIL (India) Ltd.,Energy,Large-Cap,November-2025,16314801,292.73
Bank Of India,Financials,Mid-Cap,November-2025,19273941,276.6
The Indian Hotels Company Ltd.,Travel,Large-Cap,November-2025,3655285,271.61
Navin Fluorine International Ltd.,Chemicals,Small-Cap,November-2025,472392,269.8
Oil & Natural Gas Corporation Ltd.,Energy,Large-Cap,November-2025,10706351,266.92
ACC Ltd.,Construction,Mid-Cap,November-2025,1425733,266.05
LTIMindtree Ltd.,Technology,Large-Cap,November-2025,428620,252.48
Tata Steel Ltd.,Metals,Large-Cap,November-2025,14223564,249.48
IndusInd Bank Ltd.,Financials,Mid-Cap,November-2025,2888105,238.75
Dabur India Ltd.,FMCG,Mid-Cap,November-2025,4664022,234.36
Premier Energies Ltd.,Miscellaneous,Mid-Cap,November-2025,2250786,232.83
National Aluminium Company Ltd.,Metals,Mid-Cap,November-2025,9237877,228.23
Muthoot Finance Ltd.,Financials,Large-Cap,November-2025,643565,222.77
Jubilant FoodWorks Ltd.,FMCG,Mid-Cap,November-2025,3691558,221.37
Hero MotoCorp Ltd.,Automobile and Ancillaries,Large-Cap,November-2025,372436,218.22
Radico Khaitan Ltd.,FMCG,Mid-Cap,November-2025,665082,210.82
National Securities Depository Ltd.,Financials,Small-Cap,November-2025,1787279,203.22
Lodha Developers Ltd.,Construction,Large-Cap,November-2025,1719403,201.69
Pidilite Industries Ltd.,Chemicals,Large-Cap,November-2025,1346173,196.16
Aurobindo Pharma Ltd.,Healthcare,Mid-Cap,November-2025,1577798,186.62
IIFL Finance Ltd.,Financials,Small-Cap,November-2025,2966693,165.14
Transformers & Rectifiers (India) Ltd.,Capital Goods,Small-Cap,November-2025,4451475,159.46
APL Apollo Tubes Ltd.,Metals,Mid-Cap,November-2025,900952,158.14
JSW Energy Ltd.,Energy,Mid-Cap,November-2025,3044037,154.65
Dr. Reddy's Laboratories Ltd.,Healthcare,Large-Cap,November-2025,1247519,153.22
TVS Motor Company Ltd.,Automobile and Ancillaries,Large-Cap,November-2025,421043,148.21
KEI Industries Ltd.,Capital Goods,Mid-Cap,November-2025,357299,146.09
Torrent Power Ltd.,Energy,Mid-Cap,November-2025,1103212,145.13
Aegis Logistics Ltd.,Miscellaneous,Small-Cap,November-2025,1863395,141.04
Coal India Ltd.,Energy,Large-Cap,November-2025,3629126,138.78
CreditAccess Grameen Ltd.,Financials,Small-Cap,November-2025,976558,134.8
MRF Ltd.,Automobile and Ancillaries,Mid-Cap,November-2025,8361,129.57
Grasim Industries Ltd.,Diversified,Large-Cap,November-2025,444020,125.02
Indian Railway Catering And Tourism Corporation Ltd.,Travel,Mid-Cap,November-2025,1758969,123.6
360 One Wam Ltd.,Financials,Mid-Cap,November-2025,1085198,122.84
Aster DM Healthcare Ltd.,Healthcare,Small-Cap,November-2025,1733339,116.44
Bajaj Holdings & Investment Ltd.,Financials,Large-Cap,November-2025,95942,114.18
Chennai Petroleum Corporation Ltd.,Energy,Small-Cap,November-2025,1184032,112.22
Hitachi Energy India Ltd.,Capital Goods,Mid-Cap,November-2025,55837,111.21
Mahanagar Gas Ltd.,Energy,Small-Cap,November-2025,873377,108.17
Oil India Ltd.,Energy,Mid-Cap,November-2025,2535943,107.34
Mahindra & Mahindra Financial Services Ltd.,Financials,Mid-Cap,November-2025,2831393,97.31
Supreme Industries Ltd.,Consumer Durables,Mid-Cap,November-2025,265653,95.69
ITC Hotels Ltd.,Travel,Mid-Cap,November-2025,4400736,93.64
India Shelter Finance Corporation Ltd.,Financials,Small-Cap,November-2025,1050527,92.68
Life Insurance Corporation of India,Financials,Large-Cap,November-2025,1030093,92.15
REC Ltd.,Financials,Mid-Cap,November-2025,2463198,90.62
Bosch Ltd.,Automobile and Ancillaries,Large-Cap,November-2025,22683,83
Gujarat State Petronet Ltd.,Energy,Small-Cap,November-2025,2764965,82.55
Adani Power Ltd.,Energy,Large-Cap,November-2025,5257027,80.26
Fortis Healthcare Ltd.,Healthcare,Mid-Cap,November-2025,824728,80.09
IDFC First Bank Ltd.,Financials,Mid-Cap,November-2025,9886847,80.03
CCL Products (India) Ltd.,FMCG,Small-Cap,November-2025,851465,79.54
The Phoenix Mills Ltd.,Construction,Mid-Cap,November-2025,463867,79.31
UPL Ltd.,Chemicals,Mid-Cap,November-2025,1019373,75.37
Kajaria Ceramics Ltd.,Construction,Small-Cap,November-2025,648826,73.8
Ultratech Cement Ltd.,Construction,Large-Cap,November-2025,62322,73.37
Honeywell Automation India Ltd.,Consumer Durables,Small-Cap,November-2025,19777,71.09
Jain Resource Recycling Ltd.,Metals,Small-Cap,November-2025,1802868,70.71
Titagarh Rail Systems Ltd.,Automobile and Ancillaries,Small-Cap,November-2025,819592,70.13
Nazara Technologies Ltd.,Technology,Small-Cap,November-2025,2669097,69.76
Syrma SGS Technology Ltd.,Capital Goods,Small-Cap,November-2025,833107,68.07
Blue Star Ltd.,Consumer Durables,Mid-Cap,November-2025,362683,67.15
Natco Pharma Ltd.,Healthcare,Small-Cap,November-2025,775134,65.78
TD Power Systems Ltd.,Capital Goods,Small-Cap,November-2025,847313,65.75
Glaxosmithkline Pharmaceuticals Ltd.,Healthcare,Mid-Cap,November-2025,246011,63.82
Shaily Engineering Plastics Ltd.,Consumer Durables,Small-Cap,November-2025,258884,63.12
Pricol Ltd.,Automobile and Ancillaries,Small-Cap,November-2025,1077828,62.12
JSW Infrastructure Ltd.,Infrastructure,Mid-Cap,November-2025,2161009,60.53
Bharti Hexacom Ltd.,Media and Communications,Mid-Cap,November-2025,329241,59.74
Yatra Online Ltd,Travel,Small-Cap,November-2025,3672996,58.75
Schaeffler India Ltd.,Automobile and Ancillaries,Mid-Cap,November-2025,147947,58.59
Century Plyboards (India) Ltd.,Construction,Small-Cap,November-2025,748147,58.18
Granules India Ltd.,Healthcare,Small-Cap,November-2025,1024870,57.48
K.P.R. Mill Ltd.,Textile,Mid-Cap,November-2025,518206,55.68
Steel Authority Of India Ltd.,Metals,Mid-Cap,November-2025,3957841,53.78
Universal Cables Ltd.,Capital Goods,Small-Cap,November-2025,631174,53.34
Kirloskar Oil Engines Ltd.,Capital Goods,Small-Cap,November-2025,497867,52.89
Indian Energy Exchange Ltd.,Energy,Small-Cap,November-2025,3780900,52.62
Gujarat Pipavav Port Ltd.,Infrastructure,Small-Cap,November-2025,3042170,52.53
Waaree Energies Ltd.,Capital Goods,Mid-Cap,November-2025,157765,52.06
Anupam Rasayan India Ltd.,Chemicals,Small-Cap,November-2025,450173,51.68
BlackBuck Ltd.,Logistics,Small-Cap,November-2025,758874,51.31
Mahindra Holidays & Resorts India Ltd.,Travel,Small-Cap,November-2025,1547891,50
Vikram Solar Ltd.,Capital Goods,Small-Cap,November-2025,1614118,47.44
Allied Blenders And Distillers Ltd.,FMCG,Small-Cap,November-2025,702235,46.2
Karur Vysya Bank Ltd.,Financials,Small-Cap,November-2025,1874986,46.04
Fino Payments Bank Ltd.,Financials,Small-Cap,November-2025,1491635,45.52
Netweb Technologies India Ltd.,Consumer Durables,Small-Cap,November-2025,123951,45.42
Onesource Specialty Pharma Ltd.,Healthcare,Small-Cap,November-2025,267973,45.37
Vishal Mega Mart Ltd.,Retail and Other Services,Mid-Cap,November-2025,3189576,44.73
Mangalore Refinery And Petrochemicals Ltd.,Energy,Small-Cap,November-2025,2732759,44.33
Tata Motors Passenger Vehicles Ltd.,Automobile and Ancillaries,Large-Cap,November-2025,1123852,43.09
Leela Palaces Hotels & Resorts Ltd.,Travel,Small-Cap,November-2025,997555,42.17
Sanofi India Ltd.,Healthcare,Small-Cap,November-2025,91226,41.82
Mahindra Logistics Ltd.,Logistics,Small-Cap,November-2025,1218254,41.37
M&B Engineering Ltd.,Capital Goods,Small-Cap,November-2025,969247,40.94
Aavas Financiers Ltd.,Financials,Small-Cap,November-2025,254917,40.74
Indraprastha Medical Corporation Ltd.,Healthcare,Small-Cap,November-2025,721715,40.34
Balrampur Chini Mills Ltd.,FMCG,Small-Cap,November-2025,877475,39.77
Religare Enterprises Ltd.,Financials,Small-Cap,November-2025,1533716,39.24
EPL Ltd.,FMCG,Small-Cap,November-2025,1872284,37.97
Belrise Industries Ltd.,Automobile and Ancillaries,Small-Cap,November-2025,2335789,37.16
Go Fashion (India) Ltd.,Retail and Other Services,Small-Cap,November-2025,634525,36.88
Bata India Ltd.,FMCG,Small-Cap,November-2025,345031,35.71
Piramal Pharma Ltd.,Healthcare,Small-Cap,November-2025,1777518,34.38
Brigade Enterprises Ltd.,Construction,Small-Cap,November-2025,355370,34.34
TV Today Network Ltd.,Media and Communications,Small-Cap,November-2025,2386745,33.94
Exide Industries Ltd.,Automobile and Ancillaries,Small-Cap,November-2025,876835,33.18
Sheela Foam Ltd.,FMCG,Small-Cap,November-2025,508719,33.05
RPG Life Sciences Ltd.,Healthcare,Small-Cap,November-2025,140526,32.9
Medplus Health Services Ltd.,Retail and Other Services,Small-Cap,November-2025,412242,32.4
Colgate-Palmolive (India) Ltd.,FMCG,Mid-Cap,November-2025,146168,32.24
SKF India Ltd.,Automobile and Ancillaries,Small-Cap,November-2025,157847,32.01
Nippon Life India Asset Management Ltd.,Financials,Mid-Cap,November-2025,364969,31.94
Anant Raj Ltd.,Construction,Small-Cap,November-2025,516289,31.52
Tata Communications Ltd.,Media and Communications,Mid-Cap,November-2025,170498,31.46
Patanjali Foods Ltd.,FMCG,Mid-Cap,November-2025,534761,31.3
V.S.T. Tillers Tractors Ltd.,Automobile and Ancillaries,Small-Cap,November-2025,53853,31.21
TeamLease Services Ltd.,Miscellaneous,Small-Cap,November-2025,184292,30.65
PNB Housing Finance Ltd.,Financials,Small-Cap,November-2025,332052,30.45
Wonderla Holidays Ltd.,Retail and Other Services,Small-Cap,November-2025,535320,30.3
Route Mobile Ltd.,Technology,Small-Cap,November-2025,410937,28.34
Neogen Chemicals Ltd.,Chemicals,Small-Cap,November-2025,219822,28.22
Cohance Lifesciences Ltd.,Healthcare,Small-Cap,November-2025,428180,28.21
SJVN Ltd.,Energy,Mid-Cap,November-2025,3391552,28.13
Amara Raja Energy & Mobility Ltd.,Automobile and Ancillaries,Small-Cap,November-2025,285397,27.92
Jyothy Labs Ltd.,FMCG,Small-Cap,November-2025,907230,27.88
Dr. Agarwal's Health Care Ltd.,Healthcare,Small-Cap,November-2025,530192,27.57
CSB Bank Ltd.,Financials,Small-Cap,November-2025,663352,27.38
NMDC Ltd.,Energy,Mid-Cap,November-2025,3635542,27.21
Sumitomo Chemical India Ltd.,Chemicals,Small-Cap,November-2025,557462,26.99
Ipca Laboratories Ltd.,Healthcare,Mid-Cap,November-2025,194535,26.5
KNR Constructions Ltd.,Infrastructure,Small-Cap,November-2025,1517087,25.9
Dixon Technologies (India) Ltd.,Consumer Durables,Mid-Cap,November-2025,17110,25.75
Urban Company Ltd.,Miscellaneous,Small-Cap,November-2025,1765917,25.58
Anand Rathi Share & Stock Brokers Ltd.,Financials,Small-Cap,November-2025,423607,25.48
Sky Gold and Diamonds Ltd.,Retail and Other Services,Small-Cap,November-2025,719017,24.7
Embassy Developments Ltd.,Construction,Small-Cap,November-2025,2848353,24.23
Gillette India Ltd.,FMCG,Small-Cap,November-2025,25792,22.83
Pfizer Ltd.,Healthcare,Small-Cap,November-2025,43437,22.12
Ceat Ltd.,Automobile and Ancillaries,Small-Cap,November-2025,55630,21.92
Restaurant Brands Asia Ltd.,Retail and Other Services,Small-Cap,November-2025,3384050,21.92
Strides Pharma Science Ltd.,Healthcare,Small-Cap,November-2025,238266,21.6
EPack Prefab Technologies Ltd.,Consumer Durables,Small-Cap,November-2025,735292,21.35
Welspun Corp Ltd.,Metals,Small-Cap,November-2025,233108,21.24
Kansai Nerolac Paints Ltd.,Chemicals,Small-Cap,November-2025,865266,20.96
Oberoi Realty Ltd.,Construction,Mid-Cap,November-2025,121601,20.83
Larsen & Toubro Ltd.,Infrastructure,Large-Cap,November-2025,51173,20.73
Finolex Cables Ltd.,Capital Goods,Small-Cap,November-2025,262312,20.13
Mishra Dhatu Nigam Ltd.,Metals,Small-Cap,November-2025,561205,20.03
Force Motors Ltd.,Automobile and Ancillaries,Small-Cap,November-2025,11273,19.99
Vikran Engineering Ltd.,Infrastructure,Small-Cap,November-2025,1870382,19.45
Zen Technologies Ltd.,Capital Goods,Small-Cap,November-2025,136423,18.85
Aptus Value Housing Finance India Ltd.,Financials,Small-Cap,November-2025,623708,18.61
Wockhardt Ltd.,Healthcare,Small-Cap,November-2025,146360,18.42
Manorama Industries Ltd.,FMCG,Small-Cap,November-2025,136592,18.34
Flair Writing Industries Ltd.,FMCG,Small-Cap,November-2025,595887,18.09
HFCL Ltd.,Media and Communications,Small-Cap,November-2025,2506847,18.01
BASF India Ltd.,Chemicals,Small-Cap,November-2025,41862,17.94
Asahi India Glass Ltd.,Construction,Small-Cap,November-2025,172744,16.79
Authum Investment & Infrastructure Ltd.,Financials,Mid-Cap,November-2025,59784,16.78
RateGain Travel Technologies Ltd.,Technology,Small-Cap,November-2025,247694,16.7
Just Dial Ltd.,Miscellaneous,Small-Cap,November-2025,218294,16.5
Rubicon Research Ltd.,Miscellaneous,Small-Cap,November-2025,263525,16.49
Raymond Lifestyle Ltd.,Textile,Small-Cap,November-2025,143183,16.46
Suzlon Energy Ltd.,Capital Goods,Mid-Cap,November-2025,2894122,16.4
Taj GVK Hotels & Resorts Ltd.,Travel,Small-Cap,November-2025,396335,16.35
BEML Ltd.,Logistics,Small-Cap,November-2025,80163,16.14
Fine Organic Industries Ltd.,Chemicals,Small-Cap,November-2025,35631,15.78
Archean Chemical Industries Ltd.,Chemicals,Small-Cap,November-2025,264310,15.51
Bajaj Housing Finance Ltd.,Financials,Mid-Cap,November-2025,1426424,15.35
JTL Industries Ltd,Metals,Small-Cap,November-2025,2313443,15.35
Senores Pharmaceuticals Ltd.,Healthcare,Small-Cap,November-2025,192351,15.34
Procter & Gamble Hygiene and Health Care Ltd.,FMCG,Mid-Cap,November-2025,11523,15.04
Kovai Medical Center & Hospital Ltd.,Healthcare,Small-Cap,November-2025,23133,14.34
TVS Holdings Ltd.,Financials,Small-Cap,November-2025,9427,13.91
VRL Logistics Ltd.,Logistics,Small-Cap,November-2025,485273,13.37
Nitin Spinners Ltd.,Textile,Small-Cap,November-2025,402414,13.31
Gujarat State Fertilizers & Chemicals Ltd.,Chemicals,Small-Cap,November-2025,707343,13.27
Ganesha Ecosphere Ltd.,Textile,Small-Cap,November-2025,124147,13.27
Sri Lotus Developers And Realty Ltd.,Construction,Small-Cap,November-2025,757737,13.26
Dee Development Engineers Ltd,Capital Goods,Small-Cap,November-2025,559026,13.17
Paradeep Phosphates Ltd.,Chemicals,Small-Cap,November-2025,799057,12.98
Bajaj Consumer Care Ltd.,FMCG,Small-Cap,November-2025,476412,12.97
Datamatics Global Services Ltd.,Technology,Small-Cap,November-2025,143116,12.71
JNK India Ltd.,Capital Goods,Small-Cap,November-2025,470528,12.71
S.P. Apparels Ltd.,Textile,Small-Cap,November-2025,165772,12.62
Biocon Ltd.,Healthcare,Mid-Cap,November-2025,314624,12.12
Tatva Chintan Pharma Chem Ltd.,Chemicals,Small-Cap,November-2025,81455,11.73
R Systems International Ltd.,Technology,Small-Cap,November-2025,283638,11.71
Tata Technologies Ltd.,Technology,Small-Cap,November-2025,170650,11.7
Deepak Nitrite Ltd.,Chemicals,Small-Cap,November-2025,69854,11.48
Lumax Industries Ltd.,Automobile and Ancillaries,Small-Cap,November-2025,21449,11.37
The Great Eastern Shipping Company Ltd.,Logistics,Small-Cap,November-2025,102904,11.35
Carborundum Universal Ltd.,Capital Goods,Small-Cap,November-2025,127138,11.17
Star Health and Allied Insurance Company Ltd.,Financials,Small-Cap,November-2025,227283,11.16
Le Travenues Technology Ltd.,Travel,Small-Cap,November-2025,413664,11.1
Kross Ltd.,Automobile and Ancillaries,Small-Cap,November-2025,606448,10.61
Concord Biotech Ltd.,Healthcare,Small-Cap,November-2025,73557,10.52
Pitti Engineering Ltd.,Capital Goods,Small-Cap,November-2025,115412,10.48
Interarch Building Solutions Ltd.,Infrastructure,Small-Cap,November-2025,41800,9.38
Praj Industries Ltd.,Capital Goods,Small-Cap,November-2025,286680,9.37
United Foodbrands Ltd.,Retail and Other Services,Small-Cap,November-2025,474283,9.23
Nava Ltd.,Metals,Small-Cap,November-2025,157749,9
PNC Infratech Ltd.,Infrastructure,Small-Cap,November-2025,339585,8.96
Capri Global Capital Ltd.,Financials,Small-Cap,November-2025,454657,8.89
IFB Industries Ltd.,Consumer Durables,Small-Cap,November-2025,50097,8.88
Zee Entertainment Enterprises Ltd.,Media and Communications,Small-Cap,November-2025,870437,8.79
Subros Ltd.,Automobile and Ancillaries,Small-Cap,November-2025,89862,8.73
Indian Railway Finance Corporation Ltd.,Financials,Large-Cap,November-2025,722213,8.7
Avalon Technologies Ltd.,Capital Goods,Small-Cap,November-2025,78683,8.5
HBL Engineering Ltd.,Automobile and Ancillaries,Small-Cap,November-2025,88656,8.38
Sarda Energy & Minerals Ltd.,Metals,Small-Cap,November-2025,163169,8.31
Redington Ltd.,Miscellaneous,Small-Cap,November-2025,309330,8.27
GNG Electronics Ltd.,Miscellaneous,Small-Cap,November-2025,244836,8.16
Fineotex Chemical Ltd.,Chemicals,Small-Cap,November-2025,2958946,8.14
Seshaasai Technologies Ltd.,Financials,Small-Cap,November-2025,238071,8.01
SML Mahindra Ltd.,Automobile and Ancillaries,Small-Cap,November-2025,26196,7.99
Laxmi Dental Ltd.,Healthcare,Small-Cap,November-2025,266565,7.88
Adani Energy Solutions Ltd.,Energy,Large-Cap,November-2025,79140,7.84
SBFC Finance Ltd.,Financials,Small-Cap,November-2025,703744,7.83
Indus Towers Ltd.,Media and Communications,Mid-Cap,November-2025,204299,7.81
Happiest Minds Technologies Ltd.,Technology,Small-Cap,November-2025,153604,7.79
Advanced Enzyme Technologies Ltd.,Healthcare,Small-Cap,November-2025,249740,7.74
Oriental Hotels Ltd.,Travel,Small-Cap,November-2025,642690,7.69
CRISIL Ltd.,Miscellaneous,Mid-Cap,November-2025,15910,7.44
Grindwell Norton Ltd.,Capital Goods,Small-Cap,November-2025,45296,7.35
Nesco Ltd.,Miscellaneous,Small-Cap,November-2025,54604,7.24
EMS Ltd.,Infrastructure,Small-Cap,November-2025,150236,7.21
Orchid Pharma Ltd.,Healthcare,Small-Cap,November-2025,90928,7.09
NRB Bearings Ltd.,Automobile and Ancillaries,Small-Cap,November-2025,250097,7.08
Apollo Micro Systems Ltd.,Capital Goods,Small-Cap,November-2025,280178,7.07
Minda Corporation Ltd.,Automobile and Ancillaries,Small-Cap,November-2025,120792,6.92
Gateway Distriparks Ltd.,Logistics,Small-Cap,November-2025,1100617,6.76
Triveni Engineering & Industries Ltd.,FMCG,Small-Cap,November-2025,176513,6.29
Thyrocare Technologies Ltd.,Healthcare,Small-Cap,November-2025,127436,6.13
Hawkins Cookers Ltd.,Consumer Durables,Small-Cap,November-2025,7180,6.09
Carraro India Ltd.,Automobile and Ancillaries,Small-Cap,November-2025,112264,6.05
Transrail Lighting Ltd.,Capital Goods,Small-Cap,November-2025,87971,6
Abbott India Ltd.,Healthcare,Mid-Cap,November-2025,2008,5.93
STL Networks Ltd.,Media and Communications,Small-Cap,November-2025,2391555,5.93
Sanstar Ltd.,FMCG,Small-Cap,November-2025,629207,5.88
SpiceJet Ltd.,Travel,Small-Cap,November-2025,1623556,5.76
Shoppers Stop Ltd.,Retail and Other Services,Small-Cap,November-2025,122250,5.75
JM Financial Ltd.,Financials,Small-Cap,November-2025,370295,5.73
Choice International Ltd.,Financials,Small-Cap,November-2025,69431,5.7
LG Balakrishnan & Bros Ltd.,Automobile and Ancillaries,Small-Cap,November-2025,33004,5.58
Indraprastha Gas Ltd.,Energy,Small-Cap,November-2025,271242,5.58
Greenlam Industries Ltd.,Construction,Small-Cap,November-2025,214335,5.55
JK Lakshmi Cement Ltd.,Construction,Small-Cap,November-2025,67478,5.5
Sobha Ltd.,Construction,Small-Cap,November-2025,34654,5.47
Home First Finance Company India Ltd.,Financials,Small-Cap,November-2025,47338,5.46
GK Energy Ltd.,Infrastructure,Small-Cap,November-2025,293731,5.42
Gandhar Oil Refinery (India) Ltd.,Automobile and Ancillaries,Small-Cap,November-2025,408900,5.41
DAM Capital Advisors Ltd.,Financials,Small-Cap,November-2025,229430,5.37
Akums Drugs & Pharmaceuticals Ltd.,Healthcare,Small-Cap,November-2025,120785,5.36
TBO Tek Ltd.,Travel,Small-Cap,November-2025,33525,5.26
All Time Plastics Ltd.,Consumer Durables,Small-Cap,November-2025,181494,5.24
MOIL Ltd.,Energy,Small-Cap,November-2025,147392,5.19
Greenpanel Industries Ltd.,Construction,Small-Cap,November-2025,193794,5.18
Zydus Wellness Ltd.,FMCG,Small-Cap,November-2025,112526,5.1
Sasken Technologies Ltd.,Technology,Small-Cap,November-2025,37041,5.06
Delta Corp Ltd.,Retail and Other Services,Small-Cap,November-2025,687039,5.03
Metropolis Healthcare Ltd.,Healthcare,Small-Cap,November-2025,25797,5.03
Vardhman Textiles Ltd.,Textile,Small-Cap,November-2025,114941,5.02
Stanley Lifestyles Ltd.,FMCG,Small-Cap,November-2025,200611,5.02
Himadri Speciality Chemical Ltd.,Chemicals,Small-Cap,November-2025,108573,4.99
Sandhar Technologies Ltd.,Automobile and Ancillaries,Small-Cap,November-2025,92402,4.95
Sansera Engineering Ltd.,Automobile and Ancillaries,Small-Cap,November-2025,29775,4.86
TSF Investments Ltd.,Financials,Small-Cap,November-2025,83692,4.84
Ceigall India Ltd.,Infrastructure,Small-Cap,November-2025,193591,4.78
Lloyds Metals & Energy Ltd.,Metals,Mid-Cap,November-2025,37628,4.75
Zaggle Prepaid Ocean Services Ltd.,Technology,Small-Cap,November-2025,121207,4.64
Western Carriers (India) Ltd.,Logistics,Small-Cap,November-2025,369420,4.63
Mold-Tek Packaging Ltd.,Consumer Durables,Small-Cap,November-2025,70683,4.61
Apollo Pipes Ltd.,Consumer Durables,Small-Cap,November-2025,150115,4.56
PCBL Chemical Ltd.,Chemicals,Small-Cap,November-2025,132172,4.54
Tilaknagar Industries Ltd.,FMCG,Small-Cap,November-2025,89886,4.51
Jana Small Finance Bank Ltd.,Financials,Small-Cap,November-2025,96915,4.46
Sterlite Technologies Ltd.,Capital Goods,Small-Cap,November-2025,391290,4.35
Nuvoco Vistas Corporation Ltd.,Construction,Small-Cap,November-2025,111677,4.31
Varroc Engineering Ltd.,Automobile and Ancillaries,Small-Cap,November-2025,66282,4.21
OLA Electric Mobility Ltd.,Automobile and Ancillaries,Small-Cap,November-2025,907883,4.15
Advent Hotels International Ltd.,Travel,Small-Cap,November-2025,147074,4.04
Castrol India Ltd.,Automobile and Ancillaries,Small-Cap,November-2025,207834,4.02
Aarti Industries Ltd.,Chemicals,Small-Cap,November-2025,105414,4.02
Thejo Engineering Ltd.,Capital Goods,Small-Cap,November-2025,22996,3.97
Procter & Gamble Health Ltd.,Healthcare,Small-Cap,November-2025,6370,3.79
Relaxo Footwears Ltd.,FMCG,Small-Cap,November-2025,89669,3.79
Jupiter Wagons Ltd.,Automobile and Ancillaries,Small-Cap,November-2025,123501,3.76
Nucleus Software Exports Ltd.,Technology,Small-Cap,November-2025,37553,3.64
Praveg Ltd.,Travel,Small-Cap,November-2025,113374,3.57
Maharashtra Scooters Ltd.,Financials,Small-Cap,November-2025,2380,3.55
Cupid Ltd.,FMCG,Small-Cap,November-2025,124000,3.49
Quadrant Future Tek Ltd.,Capital Goods,Small-Cap,November-2025,109235,3.4
Smartworks Coworking Spaces Ltd.,Miscellaneous,Small-Cap,November-2025,64088,3.4
Alembic Pharmaceuticals Ltd.,Healthcare,Small-Cap,November-2025,36905,3.33
Elecon Engineering Company Ltd.,Capital Goods,Small-Cap,November-2025,58320,3.11
Gallantt Ispat Ltd.,Metals,Small-Cap,November-2025,54132,3.02
Artemis Medicare Services Ltd.,Healthcare,Small-Cap,November-2025,111532,2.97
Aarti Drugs Ltd.,Healthcare,Small-Cap,November-2025,63245,2.9
Rossari Biotech Ltd.,Chemicals,Small-Cap,November-2025,46499,2.89
Jindal Saw Ltd.,Metals,Small-Cap,November-2025,170268,2.88
Rolex Rings Ltd,Automobile and Ancillaries,Small-Cap,November-2025,248852,2.79
Aether Industries Ltd.,Chemicals,Small-Cap,November-2025,33733,2.75
Baazar Style Retail Ltd.,Retail and Other Services,Small-Cap,November-2025,88505,2.68
V-Guard Industries Ltd.,Capital Goods,Small-Cap,November-2025,71226,2.52
TruAlt Bioenergy Ltd.,FMCG,Small-Cap,November-2025,54109,2.41
Wheels India Ltd.,Automobile and Ancillaries,Small-Cap,November-2025,25840,2.28
JTEKT India Ltd.,Automobile and Ancillaries,Small-Cap,November-2025,143573,2.24
Anand Rathi Wealth Ltd.,Financials,Small-Cap,November-2025,7262,2.17
ICRA Ltd.,Miscellaneous,Small-Cap,November-2025,3294,2.08
One Mobikwik Systems Ltd.,Financials,Small-Cap,November-2025,82590,2.04
JK Tyre & Industries Ltd.,Automobile and Ancillaries,Small-Cap,November-2025,45207,1.99
Jaro Institute of Technology Management and Research Ltd.,Retail and Other Services,Small-Cap,November-2025,28088,1.81
Privi Speciality Chemicals Ltd.,Chemicals,Small-Cap,November-2025,5492,1.66
Indian Metals & Ferro Alloys Ltd.,Metals,Small-Cap,November-2025,13001,1.66
Computer Age Management Services Ltd.,Financials,Small-Cap,November-2025,4188,1.64
Fedbank Financial Services Ltd,Financials,Small-Cap,November-2025,113426,1.64
Jayaswal Neco Industries Ltd.,Metals,Small-Cap,November-2025,205040,1.53
Campus Activewear Ltd.,FMCG,Small-Cap,November-2025,53887,1.5
India Glycols Ltd.,FMCG,Small-Cap,November-2025,14401,1.48
Yuken India Ltd.,Capital Goods,Small-Cap,November-2025,15553,1.46
Stove Kraft Ltd.,Consumer Durables,Small-Cap,November-2025,20518,1.44
Kernex Microsystems (India) Ltd.,Capital Goods,Small-Cap,November-2025,11662,1.42
Diamond Power Infrastructure Ltd.,Capital Goods,Small-Cap,November-2025,93154,1.41
Rallis India Ltd.,Chemicals,Small-Cap,November-2025,52414,1.37
Arman Financial Services Ltd.,Financials,Small-Cap,November-2025,8329,1.36
KRBL Ltd.,FMCG,Small-Cap,November-2025,34129,1.33
Dishman Carbogen Amcis Ltd.,Healthcare,Small-Cap,November-2025,48135,1.28
Star Cement Ltd.,Construction,Small-Cap,November-2025,52480,1.27
Juniper Hotels Ltd.,Travel,Small-Cap,November-2025,48151,1.24
Nilkamal Ltd.,Consumer Durables,Small-Cap,November-2025,8192,1.2
Innova Captab Ltd.,Healthcare,Small-Cap,November-2025,15506,1.2
Balkrishna Industries Ltd.,Automobile and Ancillaries,Mid-Cap,November-2025,5153,1.18
Chemplast Sanmar Ltd.,Chemicals,Small-Cap,November-2025,34153,1.17
Unicommerce eSolutions Ltd.,Technology,Small-Cap,November-2025,85171,1.1
VST Industries Ltd.,FMCG,Small-Cap,November-2025,41949,1.08
PTC Industries Ltd.,Automobile and Ancillaries,Small-Cap,November-2025,583,1.03
Veranda Learning Solutions Ltd.,Retail and Other Services,Small-Cap,November-2025,45971,1.02
Oswal Pumps Ltd.,Capital Goods,Small-Cap,November-2025,15948,1.02
Ashoka Buildcon Ltd.,Infrastructure,Small-Cap,November-2025,49470,0.95
Vintage Coffee & Beverages Ltd.,Miscellaneous,Small-Cap,November-2025,58115,0.94
Forbes Precision Tools And Machine Parts Ltd.,Capital Goods,Small-Cap,November-2025,50301,0.89
Marathon Nextgen Realty Ltd.,Construction,Small-Cap,November-2025,15059,0.87
Engineers India Ltd.,Infrastructure,Small-Cap,November-2025,43008,0.86
Ahluwalia Contracts (India) Ltd.,Construction,Small-Cap,November-2025,8579,0.83
Onward Technologies Ltd.,Technology,Small-Cap,November-2025,23343,0.69
Navkar Corporation Ltd.,Logistics,Small-Cap,November-2025,63666,0.69
Elantas Beck India Ltd.,Chemicals,Small-Cap,November-2025,649,0.63
BLS International Services Ltd.,Miscellaneous,Small-Cap,November-2025,19545,0.63
RK Swamy Ltd.,Media and Communications,Small-Cap,November-2025,49011,0.62
Vardhman Special Steels Ltd.,Metals,Small-Cap,November-2025,21201,0.6
SJS Enterprises Ltd.,Automobile and Ancillaries,Small-Cap,November-2025,3602,0.6
GFL Ltd.,Financials,Small-Cap,November-2025,94673,0.59
Supriya Lifescience Ltd.,Healthcare,Small-Cap,November-2025,7549,0.58
Concord Enviro Systems Ltd.,Miscellaneous,Small-Cap,November-2025,12387,0.56
Exicom Tele-Systems Ltd.,Capital Goods,Small-Cap,November-2025,40570,0.51
Bharat Bijlee Ltd.,Capital Goods,Small-Cap,November-2025,1629,0.48
Nirlon Ltd.,Infrastructure,Small-Cap,November-2025,8185,0.41
Patel Engineering Ltd.,Infrastructure,Small-Cap,November-2025,97933,0.36
AGI Greenpac Ltd.,FMCG,Small-Cap,November-2025,4364,0.35
Geojit Financial Services Ltd.,Financials,Small-Cap,November-2025,30516,0.23
Paras Defence And Space Technologies Ltd.,Capital Goods,Small-Cap,November-2025,2973,0.21
Bosch Home Comfort India Ltd.,Consumer Durables,Small-Cap,November-2025,1071,0.18
Sadbhav Infrastructure Project Ltd.,Infrastructure,Small-Cap,November-2025,483717,0.18
Unimech Aerospace and Manufacturing Ltd.,Capital Goods,Small-Cap,November-2025,1831,0.18
IRB Infrastructure Developers Ltd.,Infrastructure,Small-Cap,November-2025,35669,0.16
La Opala RG Ltd.,Construction,Small-Cap,November-2025,6511,0.15
Vindhya Telelinks Ltd.,Media and Communications,Small-Cap,November-2025,875,0.13
Shivalik Bimetal Controls Ltd.,Metals,Small-Cap,November-2025,2407,0.11
Roto Pumps Ltd.,Capital Goods,Small-Cap,November-2025,16366,0.11
Texmaco Rail & Engineering Ltd.,Automobile and Ancillaries,Small-Cap,November-2025,8075,0.11
Kalpataru Ltd.,Construction,Small-Cap,November-2025,2500,0.09
Ador Welding Ltd.,Capital Goods,Small-Cap,November-2025,747,0.08
TTK Prestige Ltd.,Consumer Durables,Small-Cap,November-2025,1110,0.07
Vinati Organics Ltd.,Chemicals,Small-Cap,November-2025,71,0.01
Aeroflex Industries Ltd.,Metals,Small-Cap,November-2025,541,0.01
Hindware Home Innovation Ltd.,Consumer Durables,Small-Cap,November-2025,270,0.01
KRN Heat Exchanger And Refrigeration Ltd.,Capital Goods,Small-Cap,November-2025,170,0.01

Disclaimer -   All necessary precautions have been taken to avoid any error 
 lapse or insufficiency in preparing this report ; however ; no representations 
 or warranties are made (express or implied) as to the reliability 
 accuracy or completeness of such information. The Company cannot 
be held liable for the contents of this report or for any action taken on its basis.