Stock Name,Sector,Classification,Month,Net Qty Bought,Approx. Buy Value(In Rs. cr) *
Eternal Ltd.,Retail and Other Services,Large-Cap,November-2025,151228837,4671.86
Billionbrains Garage Ventures Ltd.,Financials,Mid-Cap,November-2025,265264628,4214.52
ICICI Bank Ltd.,Financials,Large-Cap,November-2025,26741004,3655.58
ITC Ltd.,FMCG,Large-Cap,November-2025,84741777,3493.93
Mphasis Ltd.,Technology,Mid-Cap,November-2025,12447946,3470.36
HDFC Bank Ltd.,Financials,Large-Cap,November-2025,31356939,3127.65
Lenskart Solutions Ltd.,Healthcare,Mid-Cap,November-2025,62264781,2529.35
Pine Labs Ltd.,Financials,Small-Cap,November-2025,91414334,2283.16
Bajaj Finance Ltd.,Financials,Large-Cap,November-2025,20852741,2168.99
Infosys Ltd.,Technology,Large-Cap,November-2025,13722997,2087.53
Bharti Airtel Ltd.,Media and Communications,Large-Cap,November-2025,9804623,2037.43
BSE Ltd.,Financials,Mid-Cap,November-2025,7114827,1914.39
Tech Mahindra Ltd.,Technology,Large-Cap,November-2025,12237043,1799.88
Physicswallah Ltd.,Retail and Other Services,Mid-Cap,November-2025,139061672,1736.74
Tenneco Clean Air India Ltd.,Automobile and Ancillaries,Small-Cap,November-2025,29430410,1424.28
Hindalco Industries Ltd.,Metals,Large-Cap,November-2025,15932731,1319.43
Ather Energy Ltd.,Automobile and Ancillaries,Small-Cap,November-2025,18018757,1270.23
Sagility Ltd.,Miscellaneous,Small-Cap,November-2025,226603835,1162.70
Container Corporation Of India Ltd.,Logistics,Mid-Cap,November-2025,21597624,1140.90
Shriram Finance Ltd.,Financials,Large-Cap,November-2025,13865704,1109.64
Godrej Consumer Products Ltd.,FMCG,Large-Cap,November-2025,9559841,1082.27
Emmvee Photovoltaic Power Ltd.,Construction,Small-Cap,November-2025,47210066,1025.69
RBL Bank Ltd.,Financials,Small-Cap,November-2025,30459842,972.81
Kotak Mahindra Bank Ltd.,Financials,Large-Cap,November-2025,3992133,843.65
Tata Consultancy Services Ltd.,Technology,Large-Cap,November-2025,2599151,805.18
Mankind Pharma Ltd.,Healthcare,Mid-Cap,November-2025,3359455,778.55
Whirlpool Of India Ltd.,Consumer Durables,Small-Cap,November-2025,6296892,778.04
Samvardhana Motherson International Ltd.,Automobile and Ancillaries,Large-Cap,November-2025,66676115,739.10
Tega Industries Ltd.,Capital Goods,Small-Cap,November-2025,3737456,722.74
Varun Beverages Ltd.,FMCG,Large-Cap,November-2025,14765950,702.27
SRF Ltd.,Chemicals,Mid-Cap,November-2025,2279466,667.63
LG Electronics India Ltd.,Consumer Durables,Large-Cap,November-2025,3888470,646.05
JIO Financial Services Ltd.,Financials,Large-Cap,November-2025,19300018,591.55
Capillary Technologies India Ltd.,Technology,Small-Cap,November-2025,9135333,588.32
Bajaj Auto Ltd.,Automobile and Ancillaries,Large-Cap,November-2025,653143,586.72
PB Fintech Ltd.,Financials,Mid-Cap,November-2025,3163352,570.08
Marico Ltd.,FMCG,Mid-Cap,November-2025,7912176,568.63
DLF Ltd.,Construction,Large-Cap,November-2025,7495221,554.59
L&T Finance Ltd.,Financials,Mid-Cap,November-2025,17698457,515.77
Orkla India Ltd.,FMCG,Small-Cap,November-2025,7336784,505.63
Britannia Industries Ltd.,FMCG,Large-Cap,November-2025,861677,503.33
Bandhan Bank Ltd.,Financials,Small-Cap,November-2025,32350729,496.45
Tata Motors Ltd.,Automobile and Ancillaries,Large-Cap,November-2025,15972698,489.56
Interglobe Aviation Ltd.,Travel,Large-Cap,November-2025,822157,473.83
Amber Enterprises India Ltd.,Consumer Durables,Small-Cap,November-2025,616173,468.83
KEC International Ltd.,Infrastructure,Small-Cap,November-2025,5909214,444.23
PI Industries Ltd.,Chemicals,Mid-Cap,November-2025,1258627,438.82
Wipro Ltd.,Technology,Large-Cap,November-2025,17521759,429.46
Apollo Hospitals Enterprise Ltd.,Healthcare,Large-Cap,November-2025,552045,414.49
Manappuram Finance Ltd.,Financials,Small-Cap,November-2025,14325641,397.14
ASK Automotive Ltd.,Automobile and Ancillaries,Small-Cap,November-2025,8007682,392.82
FSN E-Commerce Ventures Ltd.,Retail and Other Services,Mid-Cap,November-2025,15160401,390.57
Mahindra & Mahindra Ltd.,Automobile and Ancillaries,Large-Cap,November-2025,1046412,379.03
Emcure Pharmaceuticals Ltd.,Healthcare,Small-Cap,November-2025,2770604,378.63
Syngene International Ltd.,Miscellaneous,Small-Cap,November-2025,5775529,374.95
HDFC Asset Management Company Ltd.,Financials,Large-Cap,November-2025,1394411,373.88
AWL Agri Business Ltd.,FMCG,Small-Cap,November-2025,13415723,358.10
Piramal Finance Ltd.,Financials,Small-Cap,November-2025,2599907,347.42
Angel One Ltd.,Financials,Small-Cap,November-2025,1334799,346.79
HCL Technologies Ltd.,Technology,Large-Cap,November-2025,2172495,343.91
Power Grid Corporation Of India Ltd.,Energy,Large-Cap,November-2025,12190693,340.18
Glenmark Pharmaceuticals Ltd.,Healthcare,Mid-Cap,November-2025,1752715,336.29
Vodafone Idea Ltd.,Media and Communications,Mid-Cap,November-2025,351157773,328.16
Sudeep Pharma Ltd.,Healthcare,Small-Cap,November-2025,3937525,304.82
Hindustan Aeronautics Ltd.,Capital Goods,Large-Cap,November-2025,653613,301.39
Info Edge (India) Ltd.,Technology,Mid-Cap,November-2025,2115450,286.48
Maruti Suzuki India Ltd.,Automobile and Ancillaries,Large-Cap,November-2025,178534,286.42
Narayana Hrudayalaya Ltd.,Healthcare,Mid-Cap,November-2025,1522769,281.93
Elgi Equipments Ltd.,Capital Goods,Small-Cap,November-2025,5584797,281.45
Inox Wind Ltd.,Capital Goods,Small-Cap,November-2025,19095581,276.53
Indiamart Intermesh Ltd.,Retail and Other Services,Small-Cap,November-2025,1144442,272.83
ICICI Lombard General Insurance Company Ltd.,Financials,Mid-Cap,November-2025,1361924,269.95
Petronet LNG Ltd.,Energy,Mid-Cap,November-2025,9662645,267.22
PG Electroplast Ltd.,Consumer Durables,Small-Cap,November-2025,4567440,265.33
Tata Elxsi Ltd.,Technology,Mid-Cap,November-2025,479998,254.71
ICICI Prudential Life Insurance Company Ltd.,Financials,Mid-Cap,November-2025,4174998,252.78
Bharat Heavy Electricals Ltd.,Capital Goods,Mid-Cap,November-2025,8903099,247.66
Afcons Infrastructure Ltd.,Infrastructure,Small-Cap,November-2025,5631362,239.94
Gland Pharma Ltd.,Healthcare,Small-Cap,November-2025,1263737,233.06
Bharat Forge Ltd.,Automobile and Ancillaries,Mid-Cap,November-2025,1677066,231.31
Vedanta Ltd.,Metals,Large-Cap,November-2025,4511754,230.00
Delhivery Ltd.,Logistics,Small-Cap,November-2025,4921901,219.55
Tube Investments of India Ltd.,Automobile and Ancillaries,Mid-Cap,November-2025,726624,210.99
Nuvama Wealth Management Ltd.,Financials,Small-Cap,November-2025,289168,210.43
Ashok Leyland Ltd.,Automobile and Ancillaries,Mid-Cap,November-2025,13955820,209.09
City Union Bank Ltd.,Financials,Small-Cap,November-2025,8254870,206.27
Black Box Ltd.,Media and Communications,Small-Cap,November-2025,3743893,199.03
Shree Cement Ltd.,Construction,Large-Cap,November-2025,71587,195.83
Welspun Living Ltd.,Textile,Small-Cap,November-2025,13981806,194.68
Swiggy Ltd.,Retail and Other Services,Mid-Cap,November-2025,4824996,190.17
Time Technoplast Ltd.,Consumer Durables,Small-Cap,November-2025,9126351,189.74
V2 Retail Ltd.,Retail and Other Services,Small-Cap,November-2025,765646,187.27
Dalmia Bharat Ltd.,Construction,Mid-Cap,November-2025,908924,186.61
HDFC Life Insurance Company Ltd.,Financials,Large-Cap,November-2025,2460106,184.03
Siemens Ltd.,Capital Goods,Large-Cap,November-2025,570615,182.41
Max Financial Services Ltd.,Financials,Mid-Cap,November-2025,1120761,182.05
Page Industries Ltd.,Textile,Mid-Cap,November-2025,44825,178.22
NBCC (India) Ltd.,Capital Goods,Small-Cap,November-2025,15211701,178.05
Ujjivan Small Finance Bank Ltd.,Financials,Small-Cap,November-2025,32944378,175.05
Emami Ltd.,FMCG,Small-Cap,November-2025,3283119,174.81
Affle 3i Ltd.,Technology,Small-Cap,November-2025,967385,173.72
Astral Ltd.,Consumer Durables,Mid-Cap,November-2025,1162931,168.10
MTAR Technologies Ltd.,Capital Goods,Small-Cap,November-2025,657128,166.93
Divi's Laboratories Ltd.,Healthcare,Large-Cap,November-2025,252226,166.66
Fujiyama Power Systems Ltd.,Capital Goods,Small-Cap,November-2025,7888107,165.16
ABB India Ltd.,Capital Goods,Large-Cap,November-2025,316435,164.47
Oracle Financial Services Software Ltd.,Technology,Mid-Cap,November-2025,189567,157.55
Bharat Electronics Ltd.,Capital Goods,Large-Cap,November-2025,3616708,151.51
Kalyan Jewellers India Ltd.,Retail and Other Services,Mid-Cap,November-2025,2916740,148.03
Motilal Oswal Financial Services Ltd.,Financials,Mid-Cap,November-2025,1513652,146.63
Global Health Ltd.,Healthcare,Small-Cap,November-2025,1144641,146.37
Akzo Nobel India Ltd.,Chemicals,Small-Cap,November-2025,440766,144.41
Wework India Management Ltd.,Miscellaneous,Small-Cap,November-2025,2307372,143.50
Central Depository Services (India) Ltd.,Financials,Small-Cap,November-2025,894551,143.32
ZF Commercial Vehicle Control Systems India Ltd.,Automobile and Ancillaries,Small-Cap,November-2025,110523,141.62
CG Power and Industrial Solutions Ltd.,Capital Goods,Large-Cap,November-2025,2006682,141.43
JSW Steel Ltd.,Metals,Large-Cap,November-2025,1181643,139.81
Adani Ports and Special Economic Zone Ltd.,Infrastructure,Large-Cap,November-2025,887559,131.73
Yatharth Hospital & Trauma Care Services Ltd.,Healthcare,Small-Cap,November-2025,1693371,127.35
General Insurance Corporation of India,Financials,Mid-Cap,November-2025,3337334,127.05
Rainbow Children's Medicare Ltd.,Healthcare,Small-Cap,November-2025,920090,125.16
Zydus Lifesciences Ltd.,Healthcare,Mid-Cap,November-2025,1267861,121.52
Crompton Greaves Consumer Electricals Ltd.,Consumer Durables,Small-Cap,November-2025,4425600,121.27
Housing & Urban Development Corporation Ltd.,Financials,Mid-Cap,November-2025,5002594,119.13
Bharat Dynamics Ltd.,Capital Goods,Mid-Cap,November-2025,772157,117.50
Vedant Fashions Ltd.,Textile,Small-Cap,November-2025,1830247,114.75
Vijaya Diagnostic Centre Ltd.,Healthcare,Small-Cap,November-2025,1131217,112.37
Sundram Fasteners Ltd.,Automobile and Ancillaries,Small-Cap,November-2025,1192086,112.30
JB Chemicals & Pharmaceuticals Ltd.,Healthcare,Small-Cap,November-2025,641767,110.82
Deepak Fertilisers And Petrochemicals Corporation Ltd.,Chemicals,Small-Cap,November-2025,764348,109.31
Sammaan Capital Ltd.,Financials,Small-Cap,November-2025,6223520,106.53
Gujarat Gas Ltd.,Energy,Small-Cap,November-2025,2650554,106.49
Havells India Ltd.,Capital Goods,Mid-Cap,November-2025,721029,105.84
NCC Ltd.,Infrastructure,Small-Cap,November-2025,5494379,105.43
Cyient Ltd.,Technology,Small-Cap,November-2025,914337,104.51
Torrent Pharmaceuticals Ltd.,Healthcare,Large-Cap,November-2025,283580,103.23
Five-Star Business Finance Ltd.,Financials,Small-Cap,November-2025,1644506,102.26
Berger Paints India Ltd.,Chemicals,Mid-Cap,November-2025,1812973,100.32
Orient Electric Ltd.,Consumer Durables,Small-Cap,November-2025,4858112,97.96
Aditya Infotech Ltd.,Miscellaneous,Small-Cap,November-2025,686629,97.78
Jindal Stainless Ltd.,Metals,Mid-Cap,November-2025,1274379,97.16
KFin Technologies Ltd.,Financials,Small-Cap,November-2025,901570,97.12
Pearl Global Industries Ltd.,Textile,Small-Cap,November-2025,617745,92.81
Birlasoft Ltd.,Technology,Small-Cap,November-2025,2416186,90.82
Cera Sanitaryware Ltd.,Construction,Small-Cap,November-2025,152793,89.87
Mazagon Dock Shipbuilders Ltd.,Automobile and Ancillaries,Large-Cap,November-2025,327893,88.67
Graphite India Ltd.,Capital Goods,Small-Cap,November-2025,1498843,88.29
The Ramco Cements Ltd.,Construction,Small-Cap,November-2025,834206,86.84
Chalet Hotels Ltd.,Travel,Small-Cap,November-2025,941586,86.44
Apar Industries Ltd.,Capital Goods,Mid-Cap,November-2025,95770,85.38
Anthem Biosciences Ltd.,Healthcare,Mid-Cap,November-2025,1269077,85.33
Ajanta Pharma Ltd.,Healthcare,Small-Cap,November-2025,330437,83.04
The South Indian Bank Ltd.,Financials,Small-Cap,November-2025,21771069,82.95
Punjab National Bank,Financials,Large-Cap,November-2025,6699339,82.87
Usha Martin Ltd.,Metals,Small-Cap,November-2025,1838730,82.08
3M India Ltd.,Diversified,Mid-Cap,November-2025,24946,80.33
Motherson Sumi Wiring India Ltd.,Automobile and Ancillaries,Small-Cap,November-2025,16998613,78.93
NTPC Green Energy Ltd.,Energy,Mid-Cap,November-2025,7734196,76.60
Thermax Ltd.,Capital Goods,Mid-Cap,November-2025,242753,74.51
Hexaware Technologies Ltd.,Technology,Mid-Cap,November-2025,1013761,73.20
Styrenix Performance Materials Ltd.,Chemicals,Small-Cap,November-2025,323964,72.20
Voltamp Transformers Ltd.,Capital Goods,Small-Cap,November-2025,92720,72.15
United Breweries Ltd.,FMCG,Mid-Cap,November-2025,407952,71.15
GMM Pfaudler Ltd.,Capital Goods,Small-Cap,November-2025,589332,71.08
Prestige Estates Projects Ltd.,Construction,Mid-Cap,November-2025,411111,70.34
Aditya Birla Capital Ltd.,Financials,Mid-Cap,November-2025,2059047,70.24
Bank Of Maharashtra,Financials,Mid-Cap,November-2025,11646300,68.47
LT Foods Ltd.,FMCG,Small-Cap,November-2025,1628771,67.50
Mrs. Bectors Food Specialities Ltd.,FMCG,Small-Cap,November-2025,506394,66.84
KPIT Technologies Ltd.,Technology,Small-Cap,November-2025,547877,65.45
Coforge Ltd.,Technology,Mid-Cap,November-2025,354886,65.42
L&T Technology Services Ltd.,Technology,Mid-Cap,November-2025,149757,64.09
Equitas Small Finance Bank Ltd.,Financials,Small-Cap,November-2025,10572571,64.04
Clean Science And Technology Ltd.,Chemicals,Small-Cap,November-2025,662341,63.66
Indigo Paints Ltd.,Chemicals,Small-Cap,November-2025,555482,63.42
JK Cement Ltd.,Construction,Mid-Cap,November-2025,105705,63.28
Devyani International Ltd.,FMCG,Small-Cap,November-2025,4140417,61.58
DOMS Industries Ltd.,FMCG,Small-Cap,November-2025,241309,61.32
Krishna Institute of Medical Sciences Ltd,Healthcare,Small-Cap,November-2025,862781,60.66
Jindal Steel Ltd.,Metals,Mid-Cap,November-2025,557895,58.89
Jamna Auto Industries Ltd.,Automobile and Ancillaries,Small-Cap,November-2025,5618868,58.75
Thangamayil Jewellery Ltd.,Retail and Other Services,Small-Cap,November-2025,213107,57.79
Latent View Analytics Ltd.,Miscellaneous,Small-Cap,November-2025,1203937,56.99
Sai Life Sciences Ltd.,Healthcare,Small-Cap,November-2025,621400,56.01
Craftsman Automation Ltd.,Automobile and Ancillaries,Small-Cap,November-2025,79267,54.32
E2E Networks Ltd.,Technology,Small-Cap,November-2025,202254,54.15
United Spirits Ltd.,FMCG,Mid-Cap,November-2025,367746,53.01
Studds Accessories Ltd.,Automobile and Ancillaries,Small-Cap,November-2025,932614,52.82
Medi Assist Healthcare Services Ltd.,Miscellaneous,Small-Cap,November-2025,1009499,52.71
Solar Industries India Ltd.,Chemicals,Large-Cap,November-2025,38091,51.71
Adani Green Energy Ltd.,Energy,Large-Cap,November-2025,471218,51.56
Trent Ltd.,Retail and Other Services,Large-Cap,November-2025,111400,49.82
Aditya Birla Lifestyle Brands Ltd.,Retail and Other Services,Small-Cap,November-2025,3742545,49.36
Apollo Tyres Ltd.,Automobile and Ancillaries,Small-Cap,November-2025,964523,48.97
Landmark Cars Ltd.,Automobile and Ancillaries,Small-Cap,November-2025,841024,48.79
Camlin Fine Sciences Ltd.,Chemicals,Small-Cap,November-2025,2652468,47.85
Tata Capital Ltd.,Financials,Large-Cap,November-2025,1448327,47.45
Escorts Kubota Ltd.,Automobile and Ancillaries,Mid-Cap,November-2025,124162,47.21
Firstsource Solutions Ltd.,Technology,Small-Cap,November-2025,1336341,46.75
Jubilant Ingrevia Ltd.,Chemicals,Small-Cap,November-2025,655067,45.79
Zensar Technologies Ltd.,Technology,Small-Cap,November-2025,590258,45.66
Acme Solar Holdings Ltd.,Energy,Small-Cap,November-2025,1767445,45.24
Travel Food Services Ltd.,Retail and Other Services,Small-Cap,November-2025,335434,44.69
Dhanuka Agritech Ltd.,Chemicals,Small-Cap,November-2025,337142,44.01
Blue Dart Express Ltd.,Logistics,Small-Cap,November-2025,70723,43.46
Eris Lifesciences Ltd.,Healthcare,Small-Cap,November-2025,270535,43.11
Astra Microwave Products Ltd.,Capital Goods,Small-Cap,November-2025,435280,42.98
Inventurus Knowledge Solutions Ltd.,Technology,Small-Cap,November-2025,258146,42.94
Sundaram Finance Ltd.,Financials,Mid-Cap,November-2025,91872,42.83
Axis Bank Ltd.,Financials,Large-Cap,November-2025,339230,42.62
Cemindia Projects Ltd.,Infrastructure,Small-Cap,November-2025,506737,41.81
CarTrade Tech Ltd.,Automobile and Ancillaries,Small-Cap,November-2025,136147,41.57
Bayer CropScience Ltd.,Chemicals,Small-Cap,November-2025,86511,41.28
Dr. Lal Pathlabs Ltd.,Healthcare,Small-Cap,November-2025,132118,40.87
Indegene Ltd.,Miscellaneous,Small-Cap,November-2025,744722,39.87
E.I.D. - Parry (India) Ltd.,FMCG,Small-Cap,November-2025,375561,39.50
Quess Corp Ltd.,Miscellaneous,Small-Cap,November-2025,1731256,39.38
Coromandel International Ltd.,Chemicals,Mid-Cap,November-2025,174007,39.21
EPACK Durable Ltd.,Consumer Durables,Small-Cap,November-2025,1276444,39.01
Poly Medicure Ltd.,Healthcare,Small-Cap,November-2025,197521,38.90
Mastek Ltd.,Technology,Small-Cap,November-2025,178304,38.81
International Gemmological Institute (India) Ltd.,Miscellaneous,Small-Cap,November-2025,1163367,38.72
Venus Pipes & Tubes Ltd.,Metals,Small-Cap,November-2025,297771,37.85
UNO Minda Ltd.,Automobile and Ancillaries,Mid-Cap,November-2025,296383,37.67
Chambal Fertilisers and Chemicals Ltd.,Chemicals,Small-Cap,November-2025,817453,37.64
SIS Ltd.,Miscellaneous,Small-Cap,November-2025,1123338,37.21
Ethos Ltd.,Retail and Other Services,Small-Cap,November-2025,123339,36.72
Pace Digitek Ltd.,Media and Communications,Small-Cap,November-2025,1693050,36.32
Brainbees Solutions Ltd.,Retail and Other Services,Small-Cap,November-2025,1110321,36.14
Poonawalla Fincorp Ltd.,Financials,Mid-Cap,November-2025,745359,35.86
NHPC Ltd.,Energy,Mid-Cap,November-2025,4426968,35.77
The Jammu & Kashmir Bank Ltd.,Financials,Small-Cap,November-2025,3329561,35.48
Gujarat Mineral Development Corporation Ltd.,Energy,Small-Cap,November-2025,621614,35.23
Bajaj Electricals Ltd.,Consumer Durables,Small-Cap,November-2025,707799,35.22
Jyoti CNC Automation Ltd.,Capital Goods,Small-Cap,November-2025,362799,34.00
DCB Bank Ltd.,Financials,Small-Cap,November-2025,1953149,33.35
Dodla Dairy Ltd,FMCG,Small-Cap,November-2025,259079,33.31
Saatvik Green Energy Ltd.,Capital Goods,Small-Cap,November-2025,704764,32.97
Godrej Properties Ltd.,Construction,Mid-Cap,November-2025,145894,32.12
EIH Ltd.,Travel,Small-Cap,November-2025,828687,31.65
Healthcare Global Enterprises Ltd.,Healthcare,Small-Cap,November-2025,427047,31.55
Canara HSBC Life Insurance Company Ltd.,Financials,Small-Cap,November-2025,2607256,31.21
Endurance Technologies Ltd.,Automobile and Ancillaries,Mid-Cap,November-2025,113314,31.06
Data Patterns (India) Ltd.,Capital Goods,Small-Cap,November-2025,108173,30.91
Indo Count Industries Ltd.,Textile,Small-Cap,November-2025,1011965,30.75
Go Digit General Insurance Ltd.,Financials,Small-Cap,November-2025,836326,29.97
TVS Srichakra Ltd.,Automobile and Ancillaries,Small-Cap,November-2025,65774,29.14
Eureka Forbes Ltd.,Consumer Durables,Small-Cap,November-2025,478025,28.91
Jupiter Life Line Hospitals Ltd.,Healthcare,Small-Cap,November-2025,188148,28.87
CMS Info Systems Ltd.,Miscellaneous,Small-Cap,November-2025,788502,28.63
Aditya Vision Ltd.,Retail and Other Services,Small-Cap,November-2025,513544,28.19
Techno Electric & Engineering Company Ltd.,Infrastructure,Small-Cap,November-2025,220787,27.87
The India Cements Ltd.,Construction,Small-Cap,November-2025,691355,27.49
Indiqube Spaces Ltd.,Miscellaneous,Small-Cap,November-2025,1243009,27.28
Bikaji Foods International Ltd.,FMCG,Small-Cap,November-2025,372676,26.98
Gujarat Fluorochemicals Ltd.,Chemicals,Mid-Cap,November-2025,73934,26.49
RR Kabel Ltd.,Capital Goods,Small-Cap,November-2025,187741,26.43
Multi Commodity Exchange Of India Ltd.,Financials,Mid-Cap,November-2025,26454,25.55
Triveni Turbine Ltd.,Capital Goods,Small-Cap,November-2025,460085,24.67
Sonata Software Ltd.,Technology,Small-Cap,November-2025,670172,24.37
Aditya Birla Real Estate Ltd.,Construction,Small-Cap,November-2025,132693,24.22
SH Kelkar And Company Ltd.,Chemicals,Small-Cap,November-2025,1223152,23.99
Can Fin Homes Ltd.,Financials,Small-Cap,November-2025,268548,23.53
Gabriel India Ltd.,Automobile and Ancillaries,Small-Cap,November-2025,204318,23.52
Gokaldas Exports Ltd.,Textile,Small-Cap,November-2025,260179,22.97
Atul Ltd.,Chemicals,Small-Cap,November-2025,39125,22.76
Intellect Design Arena Ltd.,Technology,Small-Cap,November-2025,200907,22.56
Astrazeneca Pharma India Ltd.,Healthcare,Small-Cap,November-2025,23259,21.61
UTI Asset Management Company Ltd.,Financials,Small-Cap,November-2025,180773,21.59
Godrej Industries Ltd.,Chemicals,Mid-Cap,November-2025,199277,21.49
Blue Jet Healthcare Ltd.,Healthcare,Small-Cap,November-2025,342611,21.15
Stylam Industries Ltd.,Construction,Small-Cap,November-2025,101082,20.86
Pennar Industries Ltd.,Metals,Small-Cap,November-2025,828129,20.35
Power Mech Projects Ltd.,Infrastructure,Small-Cap,November-2025,82837,20.19
Canara Robeco Asset Management Co Ltd.,Financials,Small-Cap,November-2025,649304,20.14
Jubilant Pharmova Ltd.,Healthcare,Small-Cap,November-2025,183169,20.06
NLC India Ltd.,Energy,Small-Cap,November-2025,781376,19.75
Awfis Space Solutions Ltd.,Miscellaneous,Small-Cap,November-2025,345919,19.65
Kirloskar Ferrous Industries Ltd.,Metals,Small-Cap,November-2025,384962,19.46
Hindustan Copper Ltd.,Metals,Small-Cap,November-2025,580778,19.38
SBI Cards And Payment Services Ltd.,Financials,Mid-Cap,November-2025,214013,18.82
JK Paper Ltd.,FMCG,Small-Cap,November-2025,481997,18.43
Repco Home Finance Ltd.,Financials,Small-Cap,November-2025,439630,18.39
Gulf Oil Lubricants India Ltd.,Automobile and Ancillaries,Small-Cap,November-2025,148203,17.92
Inox India Ltd.,Capital Goods,Small-Cap,November-2025,151743,17.88
Signatureglobal (India) Ltd.,Construction,Small-Cap,November-2025,159053,17.47
Godawari Power And Ispat Ltd.,Metals,Small-Cap,November-2025,668731,17.35
Kilburn Engineering Ltd.,Capital Goods,Small-Cap,November-2025,301367,17.23
NMDC Steel Ltd.,Metals,Small-Cap,November-2025,4004026,17.00
Hindustan Zinc Ltd.,Metals,Large-Cap,November-2025,351512,16.90
Sapphire Foods India Ltd.,FMCG,Small-Cap,November-2025,630659,16.86
RHI Magnesita India Ltd.,Capital Goods,Small-Cap,November-2025,348883,16.42
Alivus Life Sciences Ltd.,Healthcare,Small-Cap,November-2025,181375,16.35
Niva Bupa Health Insurance Company Ltd.,Financials,Small-Cap,November-2025,2186389,16.33
TARC Ltd.,Construction,Small-Cap,November-2025,1046527,15.66
Sharda Motor Industries Ltd.,Automobile and Ancillaries,Small-Cap,November-2025,156765,15.43
Aarti Pharmalabs Ltd.,Healthcare,Small-Cap,November-2025,196200,15.23
Prudent Corporate Advisory Services Ltd.,Financials,Small-Cap,November-2025,60430,15.19
Timken India Ltd.,Automobile and Ancillaries,Small-Cap,November-2025,47404,14.93
Edelweiss Financial Services Ltd.,Financials,Small-Cap,November-2025,1331442,14.90
Sun TV Network Ltd.,Media and Communications,Small-Cap,November-2025,264295,14.77
Newgen Software Technologies Ltd.,Technology,Small-Cap,November-2025,157802,14.65
ISGEC Heavy Engineering Ltd.,Infrastructure,Small-Cap,November-2025,170608,14.55
Utkarsh Small Finance Bank Ltd.,Financials,Small-Cap,November-2025,7954770,14.52
Senco Gold Ltd.,Retail and Other Services,Small-Cap,November-2025,453612,14.42
Cholamandalam Financial Holdings Ltd.,Financials,Mid-Cap,November-2025,76555,14.39
Keystone Realtors Ltd,Construction,Small-Cap,November-2025,256570,14.18
Caplin Point Laboratories Ltd.,Healthcare,Small-Cap,November-2025,71727,14.14
NIIT Learning Systems Ltd. ,Technology,Small-Cap,November-2025,389000,14.07
Dredging Corporation Of India Ltd.,Logistics,Small-Cap,November-2025,174490,13.95
The Karnataka Bank Ltd.,Financials,Small-Cap,November-2025,714173,13.94
Nestle India Ltd.,FMCG,Large-Cap,November-2025,110036,13.93
Cello World Ltd.,Miscellaneous,Small-Cap,November-2025,220884,13.81
Aditya Birla Sun Life AMC Ltd.,Financials,Small-Cap,November-2025,184219,13.79
Dynamatic Technologies Ltd.,Capital Goods,Small-Cap,November-2025,15990,13.72
Metro Brands Ltd.,Retail and Other Services,Small-Cap,November-2025,118660,13.64
KSB Ltd.,Capital Goods,Small-Cap,November-2025,174328,13.58
Arvind Smartspaces Ltd.,Construction,Small-Cap,November-2025,219271,13.51
GHCL Ltd.,Chemicals,Small-Cap,November-2025,221683,13.47
CESC Ltd.,Energy,Small-Cap,November-2025,766600,13.43
Garware Hi-Tech Films Ltd.,Consumer Durables,Small-Cap,November-2025,35885,13.17
Sudarshan Chemical Industries Ltd.,Chemicals,Small-Cap,November-2025,119376,12.91
Vesuvius India Ltd.,Capital Goods,Small-Cap,November-2025,265787,12.90
Westlife Foodworld Ltd,Retail and Other Services,Small-Cap,November-2025,221162,12.83
Marksans Pharma Ltd.,Healthcare,Small-Cap,November-2025,670747,12.41
Aditya Birla Fashion and Retail Ltd.,Retail and Other Services,Small-Cap,November-2025,1529057,12.22
HEG Ltd.,Capital Goods,Small-Cap,November-2025,201114,11.25
LIC Housing Finance Ltd.,Financials,Small-Cap,November-2025,194004,10.86
Safari Industries (India) Ltd.,FMCG,Small-Cap,November-2025,47440,10.83
Samhi Hotels Ltd.,Travel,Small-Cap,November-2025,533119,10.73
Union Bank Of India,Financials,Large-Cap,November-2025,703167,10.62
Shilpa Medicare Ltd.,Healthcare,Small-Cap,November-2025,304650,10.58
Garden Reach Shipbuilders & Engineers Ltd.,Automobile and Ancillaries,Small-Cap,November-2025,39558,10.58
FDC Ltd.,Healthcare,Small-Cap,November-2025,235968,10.32
NTPC Ltd.,Energy,Large-Cap,November-2025,311059,10.32
HDB Financial Services Ltd.,Financials,Mid-Cap,November-2025,136747,10.25
Excelsoft Technologies Ltd.,Retail and Other Services,Small-Cap,November-2025,833375,9.98
Max Estates Ltd.,Construction,Small-Cap,November-2025,198316,9.45
Bluestone Jewellery And Lifestyle Ltd.,Retail and Other Services,Small-Cap,November-2025,148284,9.39
Electronics Mart India Ltd.,Retail and Other Services,Small-Cap,November-2025,686279,9.37
Arvind Ltd.,Textile,Small-Cap,November-2025,278583,9.35
Midwest Ltd.,Construction,Small-Cap,November-2025,74629,9.33
Globus Spirits Ltd.,FMCG,Small-Cap,November-2025,82504,9.16
EFC (I) Ltd.,Miscellaneous,Small-Cap,November-2025,318000,9.11
Epigral Ltd.,Chemicals,Small-Cap,November-2025,55400,8.87
Hikal Ltd.,Healthcare,Small-Cap,November-2025,377551,8.71
Saregama India Ltd.,Media and Communications,Small-Cap,November-2025,201047,8.57
Rain Industries Ltd.,Energy,Small-Cap,November-2025,699821,8.48
Redtape Ltd.,Retail and Other Services,Small-Cap,November-2025,630721,8.47
Supreme Petrochem Ltd.,Energy,Small-Cap,November-2025,120536,8.39
Quality Power Electrical Equipments Ltd.,Capital Goods,Small-Cap,November-2025,94130,8.30
SMS Pharmaceuticals Ltd.,Healthcare,Small-Cap,November-2025,268112,8.11
Honasa Consumer Ltd.,Miscellaneous,Small-Cap,November-2025,276055,7.93
Thirumalai Chemicals Ltd.,Chemicals,Small-Cap,November-2025,308820,7.79
Pondy Oxides & Chemicals Ltd.,Metals,Small-Cap,November-2025,57740,7.67
Sona BLW Precision Forgings Ltd.,Automobile and Ancillaries,Small-Cap,November-2025,147496,7.26
Aegis Vopak Terminals Ltd.,Miscellaneous,Small-Cap,November-2025,267488,7.22
Linde India Ltd.,Energy,Mid-Cap,November-2025,11731,7.03
Rail Vikas Nigam Ltd.,Infrastructure,Mid-Cap,November-2025,213081,6.96
The Anup Engineering Ltd.,Capital Goods,Small-Cap,November-2025,30026,6.86
Fiem Industries Ltd.,Automobile and Ancillaries,Small-Cap,November-2025,31194,6.79
Kalpataru Projects International Ltd.,Infrastructure,Small-Cap,November-2025,55125,6.77
Finbud Financial Services Ltd.,Financials,Small-Cap,November-2025,435000,6.76
Ellenbarrie Industrial Gases Ltd.,Energy,Small-Cap,November-2025,156951,6.66
Godfrey Phillips India Ltd.,FMCG,Mid-Cap,November-2025,21486,6.39
Lumax Auto Technologies Ltd.,Automobile and Ancillaries,Small-Cap,November-2025,47486,6.33
JSW Cement Ltd.,Construction,Small-Cap,November-2025,494142,6.21
Gujarat Narmada Valley Fertilizers & Chemicals Ltd,Chemicals,Small-Cap,November-2025,120255,6.02
Steelcast Ltd.,Automobile and Ancillaries,Small-Cap,November-2025,265541,5.91
Sanathan Textiles Ltd.,Textile,Small-Cap,November-2025,124854,5.91
JSW Holdings Ltd.,Financials,Small-Cap,November-2025,3139,5.75
Ajax Engineering Ltd.,Capital Goods,Small-Cap,November-2025,91206,5.63
V-Mart Retail Ltd.,Retail and Other Services,Small-Cap,November-2025,69545,5.61
Shakti Pumps (India) Ltd.,Capital Goods,Small-Cap,November-2025,74712,5.60
Yes Bank Ltd.,Financials,Mid-Cap,November-2025,2384563,5.45
Yash Highvoltage Ltd.,Capital Goods,Small-Cap,November-2025,108250,5.44
Symphony Ltd.,Miscellaneous,Small-Cap,November-2025,60389,5.42
Ivalue Infosolutions Ltd.,Consumer Durables,Small-Cap,November-2025,181349,5.32
Central Bank Of India,Financials,Small-Cap,November-2025,1310914,5.10
Tata Chemicals Ltd.,Chemicals,Small-Cap,November-2025,57356,4.85
Indian Overseas Bank,Financials,Mid-Cap,November-2025,1203038,4.75
UCO Bank,Financials,Mid-Cap,November-2025,1448684,4.64
Finolex Industries Ltd.,Consumer Durables,Small-Cap,November-2025,248358,4.55
Galaxy Surfactants Ltd.,FMCG,Small-Cap,November-2025,21312,4.53
Rashi Peripherals Ltd.,Miscellaneous,Small-Cap,November-2025,136414,4.47
Aadhar Housing Finance Ltd.,Financials,Small-Cap,November-2025,88858,4.40
Indian Renewable Energy Development Agency Ltd.,Financials,Mid-Cap,November-2025,293826,4.33
IIFL Capital Services Ltd.,Financials,Small-Cap,November-2025,123695,4.09
VA Tech Wabag Ltd.,Miscellaneous,Small-Cap,November-2025,29135,4.03
Hi-Tech Pipes Ltd.,Metals,Small-Cap,November-2025,361271,3.89
Neuland Laboratories Ltd.,Healthcare,Small-Cap,November-2025,2256,3.81
Nocil Ltd.,Chemicals,Small-Cap,November-2025,213508,3.80
Azad Engineering Ltd.,Capital Goods,Small-Cap,November-2025,22416,3.79
Gravita India Ltd.,Metals,Small-Cap,November-2025,21496,3.75
Ecos (India) Mobility & Hospitality Ltd.,Miscellaneous,Small-Cap,November-2025,163638,3.72
Updater Services Ltd.,Miscellaneous,Small-Cap,November-2025,171257,3.63
Arvind Fashions Ltd.,Retail and Other Services,Small-Cap,November-2025,71009,3.57
Ambuja Cements Ltd.,Construction,Large-Cap,November-2025,63876,3.56
Acutaas Chemicals Ltd.,Healthcare,Small-Cap,November-2025,19698,3.51
Swan Corp Ltd.,Textile,Small-Cap,November-2025,76076,3.49
Huhtamaki India Ltd.,FMCG,Small-Cap,November-2025,148319,3.44
Care Ratings Ltd.,Miscellaneous,Small-Cap,November-2025,21352,3.34
AIA Engineering Ltd.,Automobile and Ancillaries,Small-Cap,November-2025,9371,3.33
DCM Shriram Ltd.,Diversified,Small-Cap,November-2025,26475,3.31
Banco Products (India) Ltd.,Automobile and Ancillaries,Small-Cap,November-2025,46681,3.24
Atlanta Electricals Ltd.,Capital Goods,Small-Cap,November-2025,33308,3.21
Transport Corporation Of India Ltd.,Logistics,Small-Cap,November-2025,27104,3.11
PC Jeweller Ltd.,Retail and Other Services,Small-Cap,November-2025,2856291,3.07
ASM Technologies Ltd.,Technology,Small-Cap,November-2025,8397,3.03
Euro Pratik Sales Ltd.,Construction,Small-Cap,November-2025,91381,3.01
Garware Technical Fibres Ltd.,Textile,Small-Cap,November-2025,40190,2.94
GR Infraprojects Ltd.,Infrastructure,Small-Cap,November-2025,25787,2.89
Gopal Snacks Ltd.,FMCG,Small-Cap,November-2025,83400,2.84
PVR Inox Ltd.,Media and Communications,Small-Cap,November-2025,24373,2.77
Sharda Cropchem Ltd.,Chemicals,Small-Cap,November-2025,31723,2.74
Bajel Projects Ltd.,Infrastructure,Small-Cap,November-2025,145484,2.69
Tips Music Ltd.,Media and Communications,Small-Cap,November-2025,49407,2.67
Trident Ltd.,Textile,Small-Cap,November-2025,910938,2.59
Ventive Hospitality Ltd.,Travel,Small-Cap,November-2025,34085,2.50
MM Forgings Ltd.,Automobile and Ancillaries,Small-Cap,November-2025,78279,2.48
Bansal Wire Industries Ltd.,Metals,Small-Cap,November-2025,78846,2.48
Windlas Biotech Ltd.,Healthcare,Small-Cap,November-2025,28470,2.46
Solarworld Energy Solutions Ltd.,Infrastructure,Small-Cap,November-2025,70907,2.20
Kirloskar Pneumatic Company Ltd.,Capital Goods,Small-Cap,November-2025,19111,2.11
VIP Industries Ltd.,FMCG,Small-Cap,November-2025,53991,2.11
Schneider Electric Infrastructure Ltd.,Capital Goods,Small-Cap,November-2025,26757,2.08
TCPL Packaging Ltd.,FMCG,Small-Cap,November-2025,6267,2.03
Adani Total Gas Ltd.,Energy,Mid-Cap,November-2025,32490,2.01
Birla Corporation Ltd.,Construction,Small-Cap,November-2025,17248,1.98
Apeejay Surrendra Park Hotels Ltd.,Travel,Small-Cap,November-2025,136166,1.97
Rajratan Global Wire Ltd.,Automobile and Ancillaries,Small-Cap,November-2025,45001,1.95
Greaves Cotton Ltd.,Automobile and Ancillaries,Small-Cap,November-2025,85416,1.84
Reliance Power Ltd.,Energy,Small-Cap,November-2025,425978,1.84
Ratnamani Metals & Tubes Ltd.,Metals,Small-Cap,November-2025,7596,1.82
Amanta Healthcare Ltd.,Healthcare,Small-Cap,November-2025,158939,1.81
Sundaram-Clayton Ltd.,Automobile and Ancillaries,Small-Cap,November-2025,12681,1.79
Greenply Industries Ltd.,Construction,Small-Cap,November-2025,59820,1.76
Laxmi Organic Industries Ltd.,Chemicals,Small-Cap,November-2025,92502,1.75
Suryoday Small Finance Bank Ltd.,Financials,Small-Cap,November-2025,118325,1.74
Esab India Ltd.,Capital Goods,Small-Cap,November-2025,3212,1.70
Kirloskar Brothers Ltd.,Capital Goods,Small-Cap,November-2025,9178,1.64
Mahindra Lifespace Developers Ltd.,Construction,Small-Cap,November-2025,39614,1.59
Cyient DLM Ltd.,Capital Goods,Small-Cap,November-2025,36148,1.59
West Coast Paper Mills Ltd.,FMCG,Small-Cap,November-2025,35609,1.57
Punjab & Sind Bank,Financials,Small-Cap,November-2025,469529,1.44
Ircon International Ltd.,Infrastructure,Small-Cap,November-2025,86612,1.43
H.G. Infra Engineering Ltd.,Infrastructure,Small-Cap,November-2025,14862,1.33
Kennametal India Ltd.,Capital Goods,Small-Cap,November-2025,6104,1.31
CIE Automotive India Ltd.,Automobile and Ancillaries,Small-Cap,November-2025,31057,1.31
Hindustan Foods Ltd.,Diversified,Small-Cap,November-2025,23469,1.25
Thomas Cook (India) Ltd.,Travel,Small-Cap,November-2025,78259,1.21
Gufic Biosciences Ltd.,Healthcare,Small-Cap,November-2025,32291,1.10
Sagar Cements Ltd.,Construction,Small-Cap,November-2025,49142,1.09
Jaiprakash Power Ventures Ltd.,Energy,Small-Cap,November-2025,584221,1.08
Refex Industries Ltd.,Energy,Small-Cap,November-2025,28756,1.03
Sanofi Consumer Healthcare India Ltd.,Healthcare,Small-Cap,November-2025,2169,1.03
Tata Investment Corporation Ltd.,Financials,Mid-Cap,November-2025,13045,1.01
Somany Ceramics Ltd.,Construction,Small-Cap,November-2025,22916,1.01
Rites Ltd.,Capital Goods,Small-Cap,November-2025,41365,1.00
Godavari Biorefineries Ltd.,FMCG,Small-Cap,November-2025,36448,0.95
Northern ARC Capital Ltd.,Financials,Small-Cap,November-2025,33889,0.92
The New India Assurance Company Ltd.,Financials,Small-Cap,November-2025,50749,0.91
Surya Roshni Ltd.,Metals,Small-Cap,November-2025,32381,0.90
Dr Agarwals Eye Hospital Ltd.,Healthcare,Small-Cap,November-2025,1621,0.89
Suprajit Engineering Ltd.,Automobile and Ancillaries,Small-Cap,November-2025,18180,0.84
Railtel Corporation Of India Ltd.,Media and Communications,Small-Cap,November-2025,23681,0.84
Savita Oil Technologies Ltd.,Automobile and Ancillaries,Small-Cap,November-2025,21488,0.83
PN Gadgil Jewellers Ltd.,Retail and Other Services,Small-Cap,November-2025,12967,0.83
Bajaj Finserv Ltd.,Financials,Large-Cap,November-2025,3898,0.82
Olectra Greentech Ltd.,Automobile and Ancillaries,Small-Cap,November-2025,5610,0.79
Action Construction Equipment Ltd.,Logistics,Small-Cap,November-2025,7188,0.75
Heritage Foods Ltd.,FMCG,Small-Cap,November-2025,15177,0.73
Cochin Shipyard Ltd.,Automobile and Ancillaries,Mid-Cap,November-2025,4249,0.73
Reliance Infrastructure Ltd.,Energy,Small-Cap,November-2025,36219,0.70
Divgi Torqtransfer Systems Ltd.,Automobile and Ancillaries,Small-Cap,November-2025,11607,0.70
Shyam Metalics And Energy Ltd.,Metals,Small-Cap,November-2025,8310,0.70
Ramkrishna Forgings Ltd.,Automobile and Ancillaries,Small-Cap,November-2025,11839,0.65
IDBI Bank Ltd.,Financials,Mid-Cap,November-2025,58320,0.60
The Federal Bank Ltd.,Financials,Mid-Cap,November-2025,24466,0.60
Ingersoll-Rand (India) Ltd.,Capital Goods,Small-Cap,November-2025,1566,0.59
Century Enka Ltd.,Textile,Small-Cap,November-2025,12225,0.57
Brigade Hotel Ventures Ltd.,Travel,Small-Cap,November-2025,70524,0.57
The Fertilisers And Chemicals Travancore Ltd.,Chemicals,Mid-Cap,November-2025,6306,0.56
GNA Axles Ltd.,Automobile and Ancillaries,Small-Cap,November-2025,16882,0.53
MAS Financial Services Ltd.,Financials,Small-Cap,November-2025,16905,0.52
Tejas Networks Ltd.,Media and Communications,Small-Cap,November-2025,9935,0.51
Zuari Industries Ltd.,FMCG,Small-Cap,November-2025,15000,0.49
Shipping Corporation Of India Ltd.,Logistics,Small-Cap,November-2025,19785,0.49
Xpro India Ltd.,Consumer Durables,Small-Cap,November-2025,4591,0.49
Maharashtra Seamless Ltd.,Metals,Small-Cap,November-2025,8318,0.48
Kalyani Steels Ltd.,Metals,Small-Cap,November-2025,5723,0.47
Heidelberg Cement India Ltd.,Construction,Small-Cap,November-2025,24535,0.47
Alicon Castalloy Ltd.,Automobile and Ancillaries,Small-Cap,November-2025,5140,0.47
IFCI Ltd.,Financials,Small-Cap,November-2025,80020,0.44
Vishnu Chemicals Ltd.,Chemicals,Small-Cap,November-2025,8493,0.44
eClerx Services Ltd.,Technology,Small-Cap,November-2025,907,0.42
Bombay Burmah Trading Corporation Ltd.,Automobile and Ancillaries,Small-Cap,November-2025,2057,0.39
CE Info Systems Ltd.,Technology,Small-Cap,November-2025,2235,0.39
ITI Ltd.,Media and Communications,Small-Cap,November-2025,12070,0.38
Shriram Pistons & Rings Ltd,Automobile and Ancillaries,Small-Cap,November-2025,1390,0.36
Carysil Ltd.,FMCG,Small-Cap,November-2025,3488,0.34
Swaraj Engines Ltd.,Automobile and Ancillaries,Small-Cap,November-2025,859,0.33
JBM Auto Ltd.,Automobile and Ancillaries,Small-Cap,November-2025,5205,0.33
Tata Teleservices (Maharashtra) Ltd.,Media and Communications,Small-Cap,November-2025,60765,0.32
Valor Estate Ltd.,Construction,Small-Cap,November-2025,22334,0.31
Alkyl Amines Chemicals Ltd.,Chemicals,Small-Cap,November-2025,1669,0.30
TCI Express Ltd.,Logistics,Small-Cap,November-2025,4683,0.30
Alok Industries Ltd.,Textile,Small-Cap,November-2025,153769,0.26
Rashtriya Chemicals and Fertilizers Ltd.,Chemicals,Small-Cap,November-2025,17272,0.25
Foseco India Ltd.,Chemicals,Small-Cap,November-2025,389,0.21
MMTC Ltd.,Miscellaneous,Small-Cap,November-2025,21261,0.14
Kaveri Seed Company Ltd.,FMCG,Small-Cap,November-2025,1379,0.14
Tanla Platforms Ltd.,Technology,Small-Cap,November-2025,2057,0.12
Lemon Tree Hotels Ltd.,Travel,Small-Cap,November-2025,6858,0.11
Standard Glass Lining Technology Ltd.,Capital Goods,Small-Cap,November-2025,6584,0.11
Gujarat Alkalies And Chemicals Ltd.,Chemicals,Small-Cap,November-2025,1810,0.10
Orient Cement Ltd.,Construction,Small-Cap,November-2025,5402,0.10
Cigniti Technologies Ltd.,Technology,Small-Cap,November-2025,316,0.06
LMW Ltd.,Textile,Small-Cap,November-2025,30,0.05
Salzer Electronics Ltd.,Capital Goods,Small-Cap,November-2025,650,0.05
Kewal Kiran Clothing Ltd.,Textile,Small-Cap,November-2025,1002,0.05
Infibeam Avenues Ltd.,Financials,Small-Cap,November-2025,17453,0.03
Hindustan Construction Company Ltd.,Infrastructure,Small-Cap,November-2025,6226,0.02
PTC India Ltd.,Energy,Small-Cap,November-2025,979,0.02
RattanIndia Enterprises Ltd.,Financials,Small-Cap,November-2025,3868,0.02
Inox Green Energy Services Ltd.,Infrastructure,Small-Cap,November-2025,662,0.02
KPI Green Energy Ltd.,Infrastructure,Small-Cap,November-2025,396,0.02
Easy Trip Planners Ltd.,Travel,Small-Cap,November-2025,20117,0.02
Electrosteel Castings Ltd.,Metals,Small-Cap,November-2025,1352,0.01
Ion Exchange (India) Ltd.,Miscellaneous,Small-Cap,November-2025,344,0.01
Jain Irrigation Systems Ltd.,Consumer Durables,Small-Cap,November-2025,2043,0.01
Prism Johnson Ltd.,Construction,Small-Cap,November-2025,506,0.01
Sunflag Iron And Steel Company Ltd.,Metals,Small-Cap,November-2025,276,0.01
Borosil Renewables Ltd.,Construction,Small-Cap,November-2025,194,0.01
Sandur Manganese & Iron Ores Ltd.,Energy,Small-Cap,November-2025,515,0.01
Sunteck Realty Ltd.,Construction,Small-Cap,November-2025,221,0.01
Lloyds Enterprises Ltd.,Miscellaneous,Small-Cap,November-2025,1343,0.01
Sequent Scientific Ltd.,Healthcare,Small-Cap,November-2025,649,0.01
Websol Energy System Ltd.,Capital Goods,Small-Cap,November-2025,1220,0.01
Kitex Garments Ltd.,Textile,Small-Cap,November-2025,350,0.01
Polyplex Corporation Ltd.,Consumer Durables,Small-Cap,November-2025,61,0.01
Gujarat Ambuja Exports Ltd.,FMCG,Small-Cap,November-2025,564,0.01
Ganesh Housing Ltd.,Construction,Small-Cap,November-2025,91,0.01
Optiemus Infracom Ltd.,Miscellaneous,Small-Cap,November-2025,90,0.01
Balaji Amines Ltd.,Chemicals,Small-Cap,November-2025,44,0.01
Balu Forge Industries Ltd.,Automobile and Ancillaries,Small-Cap,November-2025,182,0.01
Rajesh Exports Ltd.,Retail and Other Services,Small-Cap,November-2025,553,0.01
Vaibhav Global Ltd.,Retail and Other Services,Small-Cap,November-2025,241,0.01
Welspun Enterprises Ltd.,Infrastructure,Small-Cap,November-2025,236,0.01
Aurionpro Solutions Ltd.,Technology,Small-Cap,November-2025,130,0.01
Shree Renuka Sugars Ltd.,FMCG,Small-Cap,November-2025,3272,0.01
Network 18 Media & Investments Ltd.,Media and Communications,Small-Cap,November-2025,3016,0.01
Sun Pharma Advanced Research Company Ltd.,Miscellaneous,Small-Cap,November-2025,512,0.01
Puravankara Ltd.,Construction,Small-Cap,November-2025,242,0.01
Jai Balaji Industries Ltd.,Metals,Small-Cap,November-2025,1054,0.01
J Kumar Infraprojects Ltd.,Infrastructure,Small-Cap,November-2025,167,0.01
Man InfraConstruction Ltd.,Infrastructure,Small-Cap,November-2025,499,0.01
MSTC Ltd.,Miscellaneous,Small-Cap,November-2025,100,0.01
TVS Supply Chain Solutions Ltd.,Logistics,Small-Cap,November-2025,513,0.01
Prince Pipes and Fittings Ltd.,Consumer Durables,Small-Cap,November-2025,177,0.01
Skipper Ltd.,Capital Goods,Small-Cap,November-2025,156,0.01
RattanIndia Power Ltd.,Energy,Small-Cap,November-2025,10844,0.01
Dilip Buildcon Ltd.,Construction,Small-Cap,November-2025,178,0.01
eMudhra Ltd.,Technology,Small-Cap,November-2025,111,0.01
Waaree Renewable Technologies Ltd.,Infrastructure,Small-Cap,November-2025,104,0.01
Fusion Finance Ltd.,Financials,Small-Cap,November-2025,678,0.01
Lloyds Engineering Works Ltd.,Capital Goods,Small-Cap,November-2025,2216,0.01
Share India Securities Ltd.,Financials,Small-Cap,November-2025,312,0.01
Sterling and Wilson Renewable Energy Ltd.,Infrastructure,Small-Cap,November-2025,584,0.01
Hemisphere Properties India Ltd.,Construction,Small-Cap,November-2025,363,0.01
GMR Power and Urban Infra Ltd.,Energy,Small-Cap,November-2025,1177,0.01
Enviro Infra Engineers Ltd.,Infrastructure,Small-Cap,November-2025,216,0.01
Entero Healthcare Solutions Ltd.,Miscellaneous,Small-Cap,November-2025,66,0.01
Bombay Dyeing And Manufacturing Company Ltd.,Textile,Small-Cap,November-2025,6,0.00
Bajaj Hindusthan Sugar Ltd.,FMCG,Small-Cap,November-2025,62,0.00
Bhansali Engineering Polymers Ltd.,Chemicals,Small-Cap,November-2025,6,0.00
Mahanagar Telephone Nigam Ltd.,Media and Communications,Small-Cap,November-2025,19,0.00
DCW Ltd.,Chemicals,Small-Cap,November-2025,10,0.00
Uflex Ltd.,FMCG,Small-Cap,November-2025,1,0.00
Goodyear India Ltd.,Automobile and Ancillaries,Small-Cap,November-2025,1,0.00
Hindustan Oil Exploration Company Ltd.,Energy,Small-Cap,November-2025,6,0.00
IG Petrochemicals Ltd.,Chemicals,Small-Cap,November-2025,1,0.00
Sundrop Brands Ltd.,FMCG,Small-Cap,November-2025,1,0.00
Jindal Poly Films Ltd.,Textile,Small-Cap,November-2025,1,0.00
Morepen Laboratories Ltd.,Healthcare,Small-Cap,November-2025,504,0.00
NIIT Ltd.,Retail and Other Services,Small-Cap,November-2025,6,0.00
Timex Group India Ltd.,Consumer Durables,Small-Cap,November-2025,2,0.00
Mukand Ltd.,Metals,Small-Cap,November-2025,3,0.00
Novartis India Ltd.,Miscellaneous,Small-Cap,November-2025,11,0.00
Andhra Paper Ltd.,FMCG,Small-Cap,November-2025,4,0.00
Seshasayee Paper and Boards Ltd.,FMCG,Small-Cap,November-2025,2,0.00
Siyaram Silk Mills Ltd.,Textile,Small-Cap,November-2025,1,0.00
Automotive Axles Ltd.,Automobile and Ancillaries,Small-Cap,November-2025,1,0.00
Responsive Industries Ltd.,Consumer Durables,Small-Cap,November-2025,3,0.00
Grauer & Weil (India) Ltd.,Chemicals,Small-Cap,November-2025,9,0.00
Federal-Mogul Goetze (India) Ltd.,Automobile and Ancillaries,Small-Cap,November-2025,1,0.00
Rane Holdings Ltd.,Financials,Small-Cap,November-2025,1,0.00
WPIL Ltd.,Capital Goods,Small-Cap,November-2025,2,0.00
Prakash Industries Ltd.,Metals,Small-Cap,November-2025,6,0.00
Bliss GVS Pharma Ltd.,Healthcare,Small-Cap,November-2025,89,0.00
Alembic Ltd.,Construction,Small-Cap,November-2025,4,0.00
Anuh Pharma Ltd.,Healthcare,Small-Cap,November-2025,41,0.00
Fermenta Biotech Ltd.,Healthcare,Small-Cap,November-2025,14,0.00
GOCL Corporation Ltd.,Chemicals,Small-Cap,November-2025,1,0.00
Unichem Laboratories Ltd.,Healthcare,Small-Cap,November-2025,29,0.00
Gujarat Themis Biosyn Ltd.,Healthcare,Small-Cap,November-2025,43,0.00
Jagsonpal Pharmaceuticals Ltd.,Healthcare,Small-Cap,November-2025,26,0.00
Cosmo First Ltd.,Consumer Durables,Small-Cap,November-2025,1,0.00
Navneet Education Ltd.,Media and Communications,Small-Cap,November-2025,5,0.00
BirlaNu Ltd.,Construction,Small-Cap,November-2025,1,0.00
Vakrangee Ltd.,Technology,Small-Cap,November-2025,43,0.00
Ugro Capital Ltd.,Financials,Small-Cap,November-2025,4,0.00
Jai Corp Ltd.,Consumer Durables,Small-Cap,November-2025,3,0.00
SG Mart Ltd.,Miscellaneous,Small-Cap,November-2025,4,0.00
Steel Strips Wheels Ltd.,Automobile and Ancillaries,Small-Cap,November-2025,2,0.00
Himatsingka Seide Ltd.,Textile,Small-Cap,November-2025,5,0.00
Sangam (India) Ltd.,Textile,Small-Cap,November-2025,1,0.00
Jyoti Resins & Adhesives Ltd.,Chemicals,Small-Cap,November-2025,1,0.00
Gujarat Industries Power Company Ltd.,Energy,Small-Cap,November-2025,3,0.00
Igarashi Motors India Ltd.,Capital Goods,Small-Cap,November-2025,1,0.00
ADF Foods Ltd.,FMCG,Small-Cap,November-2025,2,0.00
Shanthi Gears Ltd.,Automobile and Ancillaries,Small-Cap,November-2025,1,0.00
HLE Glascoat Ltd.,Capital Goods,Small-Cap,November-2025,1,0.00
Mayur Uniquoters Ltd.,FMCG,Small-Cap,November-2025,1,0.00
EIH Associated Hotels Ltd.,Travel,Small-Cap,November-2025,1,0.00
Venky'S (India) Ltd.,FMCG,Small-Cap,November-2025,1,0.00
Balmer Lawrie & Company Ltd.,Diversified,Small-Cap,November-2025,5,0.00
National Fertilizers Ltd.,Chemicals,Small-Cap,November-2025,512,0.00
Apcotex Industries Ltd.,Automobile and Ancillaries,Small-Cap,November-2025,1,0.00
Ashiana Housing Ltd.,Construction,Small-Cap,November-2025,2,0.00
IOL Chemicals And Pharmaceuticals Ltd.,Healthcare,Small-Cap,November-2025,165,0.00
Wanbury Ltd.,Healthcare,Small-Cap,November-2025,27,0.00
Kopran Ltd.,Healthcare,Small-Cap,November-2025,37,0.00
Vimta Labs Ltd.,Miscellaneous,Small-Cap,November-2025,20,0.00
Syncom Formulations (India) Ltd.,Healthcare,Small-Cap,November-2025,631,0.00
KMC Speciality Hospitals (India) Ltd.,Healthcare,Small-Cap,November-2025,55,0.00
Hester Biosciences Ltd.,Healthcare,Small-Cap,November-2025,6,0.00
NACL Industries Ltd.,Chemicals,Small-Cap,November-2025,3,0.00
Fischer Medical Ventures Ltd.,Chemicals,Small-Cap,November-2025,143,0.00
Panama Petrochem Ltd.,Automobile and Ancillaries,Small-Cap,November-2025,1,0.00
Andrew Yule & Company Ltd.,FMCG,Small-Cap,November-2025,4,0.00
Filatex India Ltd.,Textile,Small-Cap,November-2025,10,0.00
Sanghi Industries Ltd.,Construction,Small-Cap,November-2025,4,0.00
Goldiam International Ltd.,Retail and Other Services,Small-Cap,November-2025,3,0.00
Seamec Ltd.,Logistics,Small-Cap,November-2025,1,0.00
Confidence Petroleum India Ltd.,Energy,Small-Cap,November-2025,9,0.00
63 Moons Technologies Ltd.,Technology,Small-Cap,November-2025,2,0.00
Sanghvi Movers Ltd.,Logistics,Small-Cap,November-2025,3,0.00
Themis Medicare Ltd.,Healthcare,Small-Cap,November-2025,41,0.00
Suven Life Sciences Ltd.,Healthcare,Small-Cap,November-2025,84,0.00
Genus Power Infrastructures Ltd.,Capital Goods,Small-Cap,November-2025,7,0.00
Goodluck India Ltd.,Metals,Small-Cap,November-2025,1,0.00
Sterling Tools Ltd.,Automobile and Ancillaries,Small-Cap,November-2025,1,0.00
Shilchar Technologies Ltd.,Capital Goods,Small-Cap,November-2025,1,0.00
Panacea Biotec Ltd.,Healthcare,Small-Cap,November-2025,23,0.00
Eveready Industries India Ltd.,Automobile and Ancillaries,Small-Cap,November-2025,3,0.00
Hatsun Agro Product Ltd.,FMCG,Small-Cap,November-2025,31,0.00
Jindal Worldwide Ltd.,Textile,Small-Cap,November-2025,615,0.00
Lincoln Pharmaceuticals Ltd.,Healthcare,Small-Cap,November-2025,14,0.00
Vidhi Specialty Food Ingredients Ltd.,Chemicals,Small-Cap,November-2025,1,0.00
Sindhu Trade Links Ltd.,Logistics,Small-Cap,November-2025,25,0.00
3B Blackbio Dx Ltd.,Healthcare,Small-Cap,November-2025,7,0.00
PNB Gilts Ltd.,Financials,Small-Cap,November-2025,3,0.00
Ramco Industries Ltd.,Construction,Small-Cap,November-2025,3,0.00
Axiscades Technologies Ltd.,Technology,Small-Cap,November-2025,1,0.00
BF Utilities Ltd.,Energy,Small-Cap,November-2025,1,0.00
Kama Holdings Ltd.,Financials,Small-Cap,November-2025,3,0.00
Indoco Remedies Ltd.,Healthcare,Small-Cap,November-2025,54,0.00
Nectar Lifesciences Ltd.,Healthcare,Small-Cap,November-2025,285,0.00
Everest Kanto Cylinder Ltd.,Capital Goods,Small-Cap,November-2025,2,0.00
Jagran Prakashan Ltd.,Media and Communications,Small-Cap,November-2025,4,0.00
Allcargo Logistics Ltd.,Logistics,Small-Cap,November-2025,1442,0.00
Technocraft Industries (India) Ltd.,Metals,Small-Cap,November-2025,1,0.00
Dish TV India Ltd.,Media and Communications,Small-Cap,November-2025,88,0.00
Insecticides (India) Ltd.,Chemicals,Small-Cap,November-2025,1,0.00
Hinduja Global Solutions Ltd.,Technology,Small-Cap,November-2025,1,0.00
Paisalo Digital Ltd.,Financials,Small-Cap,November-2025,38,0.00
Kolte-Patil Developers Ltd.,Construction,Small-Cap,November-2025,2,0.00
SEPC Ltd.,Infrastructure,Small-Cap,November-2025,84,0.00
D.B. Corp Ltd.,Media and Communications,Small-Cap,November-2025,3,0.00
Kiri Industries Ltd.,Chemicals,Small-Cap,November-2025,2,0.00
Shankara Building Products Ltd.,Metals,Small-Cap,November-2025,1,0.00
Dollar Industries Ltd.,Textile,Small-Cap,November-2025,1,0.00
Sastasundar Ventures Ltd.,Financials,Small-Cap,November-2025,11,0.00
Rama Steel Tubes Ltd.,Metals,Small-Cap,November-2025,51,0.00
Ramky Infrastructure Ltd.,Infrastructure,Small-Cap,November-2025,1,0.00
Shriram Properties Ltd.,Construction,Small-Cap,November-2025,7,0.00
Tamilnad Mercantile Bank Ltd.,Financials,Small-Cap,November-2025,8,0.00
HMA Agro Industries Ltd.,FMCG,Small-Cap,November-2025,6,0.00
Happy Forgings Ltd.,Automobile and Ancillaries,Small-Cap,November-2025,2,0.00
Bajaj Healthcare Ltd.,Healthcare,Small-Cap,November-2025,12,0.00
Lux Industries Ltd.,Textile,Small-Cap,November-2025,31,0.00
Hathway Cable & Datacom Ltd.,Media and Communications,Small-Cap,November-2025,30,0.00
Tarsons Products Ltd.,Consumer Durables,Small-Cap,November-2025,22,0.00
Sai Silks (Kalamandir) Ltd.,Retail and Other Services,Small-Cap,November-2025,4,0.00
Den Networks Ltd.,Media and Communications,Small-Cap,November-2025,8,0.00
Pilani Investment And Industries Corporation Ltd.,Financials,Small-Cap,November-2025,1,0.00
Cantabil Retail India Ltd.,Textile,Small-Cap,November-2025,2,0.00
KIOCL Ltd.,Energy,Small-Cap,November-2025,2,0.00
Spandana Sphoorty Financial Ltd.,Financials,Small-Cap,November-2025,2,0.00
BF Investment Ltd.,Financials,Small-Cap,November-2025,1,0.00
Rupa & Company Ltd.,Textile,Small-Cap,November-2025,1,0.00
Sula Vineyards Ltd.,FMCG,Small-Cap,November-2025,4,0.00
Quick Heal Technologies Ltd.,Technology,Small-Cap,November-2025,1,0.00
Parag Milk Foods Ltd.,FMCG,Small-Cap,November-2025,4,0.00
SG Finserve Ltd.,Financials,Small-Cap,November-2025,2,0.00
Indostar Capital Finance Ltd.,Financials,Small-Cap,November-2025,2,0.00
Shalby Ltd.,Healthcare,Small-Cap,November-2025,39,0.00
Satin Creditcare Network Ltd.,Financials,Small-Cap,November-2025,5,0.00
IFGL Refractories Ltd.,Capital Goods,Small-Cap,November-2025,1,0.00
Magellanic Cloud Ltd.,Technology,Small-Cap,November-2025,17,0.00
Ideaforge Technology Ltd.,Capital Goods,Small-Cap,November-2025,1,0.00
Suraksha Diagnostic Ltd.,Healthcare,Small-Cap,November-2025,27,0.00
Imagicaaworld Entertainment Ltd.,Retail and Other Services,Small-Cap,November-2025,578,0.00
PDS Ltd.,Miscellaneous,Small-Cap,November-2025,4,0.00
Uniparts India Ltd.,Capital Goods,Small-Cap,November-2025,1,0.00
Prataap Snacks Ltd.,FMCG,Small-Cap,November-2025,1,0.00
Yasho Industries Ltd.,Chemicals,Small-Cap,November-2025,1,0.00
Gokul Agro Resources Ltd.,FMCG,Small-Cap,November-2025,5,0.00
Kwality Pharmaceuticals Ltd.,Healthcare,Small-Cap,November-2025,7,0.00
Muthoot Microfin Ltd.,Financials,Small-Cap,November-2025,3,0.00
PSP Projects Ltd.,Construction,Small-Cap,November-2025,1,0.00
Salasar Techno Engineering Ltd.,Capital Goods,Small-Cap,November-2025,55,0.00
Capacit'e Infraprojects Ltd.,Construction,Small-Cap,November-2025,4,0.00
Shree Ganesh Remedies Ltd.,Healthcare,Small-Cap,November-2025,5,0.00
GPT Healthcare Ltd.,Healthcare,Small-Cap,November-2025,39,0.00
ESAF Small Finance Bank Ltd.,Financials,Small-Cap,November-2025,12,0.00
SIRCA Paints India Ltd.,Miscellaneous,Small-Cap,November-2025,1,0.00
Solara Active Pharma Sciences Ltd.,Healthcare,Small-Cap,November-2025,41,0.00
RPSG Ventures Ltd.,Technology,Small-Cap,November-2025,1,0.00
Borosil Ltd.,Consumer Durables,Small-Cap,November-2025,3,0.00
Sigachi Industries Ltd.,Chemicals,Small-Cap,November-2025,251,0.00
India Pesticides Ltd.,Chemicals,Small-Cap,November-2025,1,0.00
Meghmani Organics Ltd.,Chemicals,Small-Cap,November-2025,8,0.00
Krsnaa Diagnostics Ltd.,Healthcare,Small-Cap,November-2025,27,0.00
Harsha Engineers International Ltd.,Capital Goods,Small-Cap,November-2025,1,0.00
DCX Systems Ltd.,Capital Goods,Small-Cap,November-2025,4,0.00
IKIO Technologies Ltd.,Capital Goods,Small-Cap,November-2025,1,0.00
Vishnu Prakash R Punglia Ltd.,Infrastructure,Small-Cap,November-2025,3,0.00

Disclaimer -   All necessary precautions have been taken to avoid any error 
 lapse or insufficiency in preparing this report ; however ; no representations 
 or warranties are made (express or implied) as to the reliability 
 accuracy or completeness of such information. The Company cannot 
be held liable for the contents of this report or for any action taken on its basis.